dimension,piece,rank_within_piece,code,orientation,anchor,sockets,solutions,share_percent,dead
3D,A,1,A-o16@L1B4,16,L1B4,"L1B4 L2A4 L3A3 L4A2",62,2.532680,no
3D,A,2,A-o17@L1D2,17,L1D2,"L1D2 L2D1 L3C1 L4B1",62,2.532680,no
3D,A,3,A-o4@L1D4,4,L1D4,"L1D4 L2D4 L3C3 L4B2",62,2.532680,no
3D,A,4,A-o5@L1B2,5,L1B2,"L1B2 L2A1 L3A1 L4A1",62,2.532680,no
3D,A,5,A-o0@L3A3,0,L3A3,"L3A3 L3B3 L3C2 L3C3",54,2.205882,no
3D,A,6,A-o1@L3A1,1,L3A1,"L3A1 L3A2 L3A3 L3B1",54,2.205882,no
3D,A,7,A-o10@L3B1,10,L3B1,"L3B1 L3C1 L3C2 L3C3",54,2.205882,no
3D,A,8,A-o11@L3A1,11,L3A1,"L3A1 L3B1 L3C1 L3C2",54,2.205882,no
3D,A,9,A-o2@L3B3,2,L3B3,"L3B3 L3C1 L3C2 L3C3",54,2.205882,no
3D,A,10,A-o3@L3A1,3,L3A1,"L3A1 L3A2 L3B1 L3C1",54,2.205882,no
3D,A,11,A-o8@L3A2,8,L3A2,"L3A2 L3A3 L3B3 L3C3",54,2.205882,no
3D,A,12,A-o9@L3A1,9,L3A1,"L3A1 L3A2 L3A3 L3B3",54,2.205882,no
3D,A,13,A-o0@L1C5,0,L1C5,"L1C5 L1D5 L1E4 L1E5",48,1.960784,no
3D,A,14,A-o1@L1A1,1,L1A1,"L1A1 L1A2 L1A3 L1B1",48,1.960784,no
3D,A,15,A-o10@L1D1,10,L1D1,"L1D1 L1E1 L1E2 L1E3",48,1.960784,no
3D,A,16,A-o11@L1C1,11,L1C1,"L1C1 L1D1 L1E1 L1E2",48,1.960784,no
3D,A,17,A-o2@L1D5,2,L1D5,"L1D5 L1E3 L1E4 L1E5",48,1.960784,no
3D,A,18,A-o3@L1A1,3,L1A1,"L1A1 L1A2 L1B1 L1C1",48,1.960784,no
3D,A,19,A-o8@L1A4,8,L1A4,"L1A4 L1A5 L1B5 L1C5",48,1.960784,no
3D,A,20,A-o9@L1A3,9,L1A3,"L1A3 L1A4 L1A5 L1B5",48,1.960784,no
3D,A,21,A-o18@L1C3,18,L1C3,"L1C3 L2B3 L3A3 L4A2",44,1.797386,no
3D,A,22,A-o19@L1C3,19,L1C3,"L1C3 L2C2 L3C1 L4B1",44,1.797386,no
3D,A,23,A-o6@L1C3,6,L1C3,"L1C3 L2C3 L3C3 L4B2",44,1.797386,no
3D,A,24,A-o7@L1C3,7,L1C3,"L1C3 L2B2 L3A1 L4A1",44,1.797386,no
3D,A,25,A-o16@L2B3,16,L2B3,"L2B3 L3A3 L4A2 L5A1",30,1.225490,no
3D,A,26,A-o17@L2C2,17,L2C2,"L2C2 L3C1 L4B1 L5A1",30,1.225490,no
3D,A,27,A-o4@L2C3,4,L2C3,"L2C3 L3C3 L4B2 L5A1",30,1.225490,no
3D,A,28,A-o5@L2B2,5,L2B2,"L2B2 L3A1 L4A1 L5A1",30,1.225490,no
3D,A,29,A-o0@L1A5,0,L1A5,"L1A5 L1B5 L1C4 L1C5",26,1.062092,no
3D,A,30,A-o1@L1A3,1,L1A3,"L1A3 L1A4 L1A5 L1B3",26,1.062092,no
3D,A,31,A-o10@L1D3,10,L1D3,"L1D3 L1E3 L1E4 L1E5",26,1.062092,no
3D,A,32,A-o11@L1A1,11,L1A1,"L1A1 L1B1 L1C1 L1C2",26,1.062092,no
3D,A,33,A-o2@L1D3,2,L1D3,"L1D3 L1E1 L1E2 L1E3",26,1.062092,no
3D,A,34,A-o3@L1C1,3,L1C1,"L1C1 L1C2 L1D1 L1E1",26,1.062092,no
3D,A,35,A-o8@L1C4,8,L1C4,"L1C4 L1C5 L1D5 L1E5",26,1.062092,no
3D,A,36,A-o9@L1A1,9,L1A1,"L1A1 L1A2 L1A3 L1B3",26,1.062092,no
3D,A,37,A-o0@L1A4,0,L1A4,"L1A4 L1B4 L1C3 L1C4",15,0.612745,no
3D,A,38,A-o0@L1C2,0,L1C2,"L1C2 L1D2 L1E1 L1E2",15,0.612745,no
3D,A,39,A-o1@L1B3,1,L1B3,"L1B3 L1B4 L1B5 L1C3",15,0.612745,no
3D,A,40,A-o1@L1D1,1,L1D1,"L1D1 L1D2 L1D3 L1E1",15,0.612745,no
3D,A,41,A-o10@L1A1,10,L1A1,"L1A1 L1B1 L1B2 L1B3",15,0.612745,no
3D,A,42,A-o10@L1C3,10,L1C3,"L1C3 L1D3 L1D4 L1D5",15,0.612745,no
3D,A,43,A-o11@L1A2,11,L1A2,"L1A2 L1B2 L1C2 L1C3",15,0.612745,no
3D,A,44,A-o11@L1C4,11,L1C4,"L1C4 L1D4 L1E4 L1E5",15,0.612745,no
3D,A,45,A-o2@L1A5,2,L1A5,"L1A5 L1B3 L1B4 L1B5",15,0.612745,no
3D,A,46,A-o2@L1C3,2,L1C3,"L1C3 L1D1 L1D2 L1D3",15,0.612745,no
3D,A,47,A-o3@L1A4,3,L1A4,"L1A4 L1A5 L1B4 L1C4",15,0.612745,no
3D,A,48,A-o3@L1C2,3,L1C2,"L1C2 L1C3 L1D2 L1E2",15,0.612745,no
3D,A,49,A-o8@L1A1,8,L1A1,"L1A1 L1A2 L1B2 L1C2",15,0.612745,no
3D,A,50,A-o8@L1C3,8,L1C3,"L1C3 L1C4 L1D4 L1E4",15,0.612745,no
3D,A,51,A-o9@L1B1,9,L1B1,"L1B1 L1B2 L1B3 L1C3",15,0.612745,no
3D,A,52,A-o9@L1D3,9,L1D3,"L1D3 L1D4 L1D5 L1E5",15,0.612745,no
3D,A,53,A-o0@L1C3,0,L1C3,"L1C3 L1D3 L1E2 L1E3",14,0.571895,no
3D,A,54,A-o1@L1C1,1,L1C1,"L1C1 L1C2 L1C3 L1D1",14,0.571895,no
3D,A,55,A-o10@L1B1,10,L1B1,"L1B1 L1C1 L1C2 L1C3",14,0.571895,no
3D,A,56,A-o11@L1C3,11,L1C3,"L1C3 L1D3 L1E3 L1E4",14,0.571895,no
3D,A,57,A-o2@L1B5,2,L1B5,"L1B5 L1C3 L1C4 L1C5",14,0.571895,no
3D,A,58,A-o3@L1A3,3,L1A3,"L1A3 L1A4 L1B3 L1C3",14,0.571895,no
3D,A,59,A-o8@L1A2,8,L1A2,"L1A2 L1A3 L1B3 L1C3",14,0.571895,no
3D,A,60,A-o9@L1C3,9,L1C3,"L1C3 L1C4 L1C5 L1D5",14,0.571895,no
3D,A,61,A-o0@L1C4,0,L1C4,"L1C4 L1D4 L1E3 L1E4",13,0.531046,no
3D,A,62,A-o1@L1B1,1,L1B1,"L1B1 L1B2 L1B3 L1C1",13,0.531046,no
3D,A,63,A-o10@L1C1,10,L1C1,"L1C1 L1D1 L1D2 L1D3",13,0.531046,no
3D,A,64,A-o11@L1C2,11,L1C2,"L1C2 L1D2 L1E2 L1E3",13,0.531046,no
3D,A,65,A-o2@L1C5,2,L1C5,"L1C5 L1D3 L1D4 L1D5",13,0.531046,no
3D,A,66,A-o3@L1A2,3,L1A2,"L1A2 L1A3 L1B2 L1C2",13,0.531046,no
3D,A,67,A-o8@L1A3,8,L1A3,"L1A3 L1A4 L1B4 L1C4",13,0.531046,no
3D,A,68,A-o9@L1B3,9,L1B3,"L1B3 L1B4 L1B5 L1C5",13,0.531046,no
3D,A,69,A-o0@L2B4,0,L2B4,"L2B4 L2C4 L2D3 L2D4",12,0.490196,no
3D,A,70,A-o1@L2A1,1,L2A1,"L2A1 L2A2 L2A3 L2B1",12,0.490196,no
3D,A,71,A-o10@L2C1,10,L2C1,"L2C1 L2D1 L2D2 L2D3",12,0.490196,no
3D,A,72,A-o11@L2B1,11,L2B1,"L2B1 L2C1 L2D1 L2D2",12,0.490196,no
3D,A,73,A-o12@L2D4,12,L2D4,"L2D4 L3B2 L3C3 L4B2",12,0.490196,no
3D,A,74,A-o13@L2A1,13,L2A1,"L2A1 L3A1 L3B2 L4A1",12,0.490196,no
3D,A,75,A-o2@L2C4,2,L2C4,"L2C4 L2D2 L2D3 L2D4",12,0.490196,no
3D,A,76,A-o20@L2A4,20,L2A4,"L2A4 L3A3 L3B2 L4A2",12,0.490196,no
3D,A,77,A-o21@L2D1,21,L2D1,"L2D1 L3B2 L3C1 L4B1",12,0.490196,no
3D,A,78,A-o3@L2A1,3,L2A1,"L2A1 L2A2 L2B1 L2C1",12,0.490196,no
3D,A,79,A-o8@L2A3,8,L2A3,"L2A3 L2A4 L2B4 L2C4",12,0.490196,no
3D,A,80,A-o9@L2A2,9,L2A2,"L2A2 L2A3 L2A4 L2B4",12,0.490196,no
3D,A,81,A-o0@L1A3,0,L1A3,"L1A3 L1B3 L1C2 L1C3",11,0.449346,no
3D,A,82,A-o1@L1C3,1,L1C3,"L1C3 L1C4 L1C5 L1D3",11,0.449346,no
3D,A,83,A-o10@L1B3,10,L1B3,"L1B3 L1C3 L1C4 L1C5",11,0.449346,no
3D,A,84,A-o11@L1A3,11,L1A3,"L1A3 L1B3 L1C3 L1C4",11,0.449346,no
3D,A,85,A-o2@L1B3,2,L1B3,"L1B3 L1C1 L1C2 L1C3",11,0.449346,no
3D,A,86,A-o3@L1C3,3,L1C3,"L1C3 L1C4 L1D3 L1E3",11,0.449346,no
3D,A,87,A-o8@L1C2,8,L1C2,"L1C2 L1C3 L1D3 L1E3",11,0.449346,no
3D,A,88,A-o9@L1C1,9,L1C1,"L1C1 L1C2 L1C3 L1D3",11,0.449346,no
3D,A,89,A-o12@L3C3,12,L3C3,"L3C3 L4A1 L4B2 L5A1",10,0.408497,no
3D,A,90,A-o13@L3A1,13,L3A1,"L3A1 L4A1 L4B2 L5A1",10,0.408497,no
3D,A,91,A-o20@L3A3,20,L3A3,"L3A3 L4A2 L4B1 L5A1",10,0.408497,no
3D,A,92,A-o21@L3C1,21,L3C1,"L3C1 L4A2 L4B1 L5A1",10,0.408497,no
3D,A,93,A-o12@L1E5,12,L1E5,"L1E5 L2C3 L2D4 L3C3",8,0.326797,no
3D,A,94,A-o13@L1A1,13,L1A1,"L1A1 L2A1 L2B2 L3A1",8,0.326797,no
3D,A,95,A-o20@L1A5,20,L1A5,"L1A5 L2A4 L2B3 L3A3",8,0.326797,no
3D,A,96,A-o21@L1E1,21,L1E1,"L1E1 L2C2 L2D1 L3C1",8,0.326797,no
3D,A,97,A-o0@L1B5,0,L1B5,"L1B5 L1C5 L1D4 L1D5",7,0.285948,no
3D,A,98,A-o1@L1A2,1,L1A2,"L1A2 L1A3 L1A4 L1B2",7,0.285948,no
3D,A,99,A-o10@L1D2,10,L1D2,"L1D2 L1E2 L1E3 L1E4",7,0.285948,no
3D,A,100,A-o11@L1B1,11,L1B1,"L1B1 L1C1 L1D1 L1D2",7,0.285948,no
3D,A,101,A-o2@L1D4,2,L1D4,"L1D4 L1E2 L1E3 L1E4",7,0.285948,no
3D,A,102,A-o3@L1B1,3,L1B1,"L1B1 L1B2 L1C1 L1D1",7,0.285948,no
3D,A,103,A-o8@L1B4,8,L1B4,"L1B4 L1B5 L1C5 L1D5",7,0.285948,no
3D,A,104,A-o9@L1A2,9,L1A2,"L1A2 L1A3 L1A4 L1B4",7,0.285948,no
3D,A,105,A-o12@L1C3,12,L1C3,"L1C3 L2A1 L2B2 L3A1",4,0.163399,no
3D,A,106,A-o13@L1C3,13,L1C3,"L1C3 L2C3 L2D4 L3C3",4,0.163399,no
3D,A,107,A-o20@L1C3,20,L1C3,"L1C3 L2C2 L2D1 L3C1",4,0.163399,no
3D,A,108,A-o21@L1C3,21,L1C3,"L1C3 L2A4 L2B3 L3A3",4,0.163399,no
3D,A,109,A-o0@L2A4,0,L2A4,"L2A4 L2B4 L2C3 L2C4",2,0.081699,no
3D,A,110,A-o1@L2A2,1,L2A2,"L2A2 L2A3 L2A4 L2B2",2,0.081699,no
3D,A,111,A-o10@L2C2,10,L2C2,"L2C2 L2D2 L2D3 L2D4",2,0.081699,no
3D,A,112,A-o11@L2A1,11,L2A1,"L2A1 L2B1 L2C1 L2C2",2,0.081699,no
3D,A,113,A-o2@L2C3,2,L2C3,"L2C3 L2D1 L2D2 L2D3",2,0.081699,no
3D,A,114,A-o3@L2B1,3,L2B1,"L2B1 L2B2 L2C1 L2D1",2,0.081699,no
3D,A,115,A-o8@L2B3,8,L2B3,"L2B3 L2B4 L2C4 L2D4",2,0.081699,no
3D,A,116,A-o9@L2A1,9,L2A1,"L2A1 L2A2 L2A3 L2B3",2,0.081699,no
3D,A,117,A-o0@L2A3,0,L2A3,"L2A3 L2B3 L2C2 L2C3",1,0.040850,no
3D,A,118,A-o1@L2B2,1,L2B2,"L2B2 L2B3 L2B4 L2C2",1,0.040850,no
3D,A,119,A-o10@L2B2,10,L2B2,"L2B2 L2C2 L2C3 L2C4",1,0.040850,no
3D,A,120,A-o11@L2A2,11,L2A2,"L2A2 L2B2 L2C2 L2C3",1,0.040850,no
3D,A,121,A-o12@L1C4,12,L1C4,"L1C4 L2A2 L2B3 L3A2",1,0.040850,no
3D,A,122,A-o12@L1D3,12,L1D3,"L1D3 L2B1 L2C2 L3B1",1,0.040850,no
3D,A,123,A-o12@L2C4,12,L2C4,"L2C4 L3A2 L3B3 L4A2",1,0.040850,no
3D,A,124,A-o12@L2D3,12,L2D3,"L2D3 L3B1 L3C2 L4B1",1,0.040850,no
3D,A,125,A-o13@L1B3,13,L1B3,"L1B3 L2B3 L2C4 L3B3",1,0.040850,no
3D,A,126,A-o13@L1C2,13,L1C2,"L1C2 L2C2 L2D3 L3C2",1,0.040850,no
3D,A,127,A-o13@L2A2,13,L2A2,"L2A2 L3A2 L3B3 L4A2",1,0.040850,no
3D,A,128,A-o13@L2B1,13,L2B1,"L2B1 L3B1 L3C2 L4B1",1,0.040850,no
3D,A,129,A-o18@L1C2,18,L1C2,"L1C2 L2B2 L3A2 L4A1",1,0.040850,no
3D,A,130,A-o18@L1D3,18,L1D3,"L1D3 L2C3 L3B3 L4B2",1,0.040850,no
3D,A,131,A-o19@L1B3,19,L1B3,"L1B3 L2B2 L3B1 L4A1",1,0.040850,no
3D,A,132,A-o19@L1C4,19,L1C4,"L1C4 L2C3 L3C2 L4B2",1,0.040850,no
3D,A,133,A-o2@L2B3,2,L2B3,"L2B3 L2C1 L2C2 L2C3",1,0.040850,no
3D,A,134,A-o20@L1B3,20,L1B3,"L1B3 L2B2 L2C1 L3B1",1,0.040850,no
3D,A,135,A-o20@L1C4,20,L1C4,"L1C4 L2C3 L2D2 L3C2",1,0.040850,no
3D,A,136,A-o20@L2A3,20,L2A3,"L2A3 L3A2 L3B1 L4A1",1,0.040850,no
3D,A,137,A-o20@L2B4,20,L2B4,"L2B4 L3B3 L3C2 L4B2",1,0.040850,no
3D,A,138,A-o21@L1C2,21,L1C2,"L1C2 L2A3 L2B2 L3A2",1,0.040850,no
3D,A,139,A-o21@L1D3,21,L1D3,"L1D3 L2B4 L2C3 L3B3",1,0.040850,no
3D,A,140,A-o21@L2C1,21,L2C1,"L2C1 L3A2 L3B1 L4A1",1,0.040850,no
3D,A,141,A-o21@L2D2,21,L2D2,"L2D2 L3B3 L3C2 L4B2",1,0.040850,no
3D,A,142,A-o3@L2B2,3,L2B2,"L2B2 L2B3 L2C2 L2D2",1,0.040850,no
3D,A,143,A-o6@L1B3,6,L1B3,"L1B3 L2B3 L3B3 L4A2",1,0.040850,no
3D,A,144,A-o6@L1C2,6,L1C2,"L1C2 L2C2 L3C2 L4B1",1,0.040850,no
3D,A,145,A-o7@L1C4,7,L1C4,"L1C4 L2B3 L3A2 L4A2",1,0.040850,no
3D,A,146,A-o7@L1D3,7,L1D3,"L1D3 L2C2 L3B1 L4B1",1,0.040850,no
3D,A,147,A-o8@L2B2,8,L2B2,"L2B2 L2B3 L2C3 L2D3",1,0.040850,no
3D,A,148,A-o9@L2B1,9,L2B1,"L2B1 L2B2 L2B3 L2C3",1,0.040850,no
3D,A,149,A-o0@L1A2,0,L1A2,"L1A2 L1B2 L1C1 L1C2",0,0.000000,yes
3D,A,150,A-o0@L1B2,0,L1B2,"L1B2 L1C2 L1D1 L1D2",0,0.000000,yes
3D,A,151,A-o0@L1B3,0,L1B3,"L1B3 L1C3 L1D2 L1D3",0,0.000000,yes
3D,A,152,A-o0@L1B4,0,L1B4,"L1B4 L1C4 L1D3 L1D4",0,0.000000,yes
3D,A,153,A-o0@L2A2,0,L2A2,"L2A2 L2B2 L2C1 L2C2",0,0.000000,yes
3D,A,154,A-o0@L2B2,0,L2B2,"L2B2 L2C2 L2D1 L2D2",0,0.000000,yes
3D,A,155,A-o0@L2B3,0,L2B3,"L2B3 L2C3 L2D2 L2D3",0,0.000000,yes
3D,A,156,A-o0@L3A2,0,L3A2,"L3A2 L3B2 L3C1 L3C2",0,0.000000,yes
3D,A,157,A-o1@L1B2,1,L1B2,"L1B2 L1B3 L1B4 L1C2",0,0.000000,yes
3D,A,158,A-o1@L1C2,1,L1C2,"L1C2 L1C3 L1C4 L1D2",0,0.000000,yes
3D,A,159,A-o1@L1D2,1,L1D2,"L1D2 L1D3 L1D4 L1E2",0,0.000000,yes
3D,A,160,A-o1@L1D3,1,L1D3,"L1D3 L1D4 L1D5 L1E3",0,0.000000,yes
3D,A,161,A-o1@L2B1,1,L2B1,"L2B1 L2B2 L2B3 L2C1",0,0.000000,yes
3D,A,162,A-o1@L2C1,1,L2C1,"L2C1 L2C2 L2C3 L2D1",0,0.000000,yes
3D,A,163,A-o1@L2C2,1,L2C2,"L2C2 L2C3 L2C4 L2D2",0,0.000000,yes
3D,A,164,A-o1@L3B1,1,L3B1,"L3B1 L3B2 L3B3 L3C1",0,0.000000,yes
3D,A,165,A-o10@L1A2,10,L1A2,"L1A2 L1B2 L1B3 L1B4",0,0.000000,yes
3D,A,166,A-o10@L1A3,10,L1A3,"L1A3 L1B3 L1B4 L1B5",0,0.000000,yes
3D,A,167,A-o10@L1B2,10,L1B2,"L1B2 L1C2 L1C3 L1C4",0,0.000000,yes
3D,A,168,A-o10@L1C2,10,L1C2,"L1C2 L1D2 L1D3 L1D4",0,0.000000,yes
3D,A,169,A-o10@L2A1,10,L2A1,"L2A1 L2B1 L2B2 L2B3",0,0.000000,yes
3D,A,170,A-o10@L2A2,10,L2A2,"L2A2 L2B2 L2B3 L2B4",0,0.000000,yes
3D,A,171,A-o10@L2B1,10,L2B1,"L2B1 L2C1 L2C2 L2C3",0,0.000000,yes
3D,A,172,A-o10@L3A1,10,L3A1,"L3A1 L3B1 L3B2 L3B3",0,0.000000,yes
3D,A,173,A-o11@L1A4,11,L1A4,"L1A4 L1B4 L1C4 L1C5",0,0.000000,yes
3D,A,174,A-o11@L1B2,11,L1B2,"L1B2 L1C2 L1D2 L1D3",0,0.000000,yes
3D,A,175,A-o11@L1B3,11,L1B3,"L1B3 L1C3 L1D3 L1D4",0,0.000000,yes
3D,A,176,A-o11@L1B4,11,L1B4,"L1B4 L1C4 L1D4 L1D5",0,0.000000,yes
3D,A,177,A-o11@L2A3,11,L2A3,"L2A3 L2B3 L2C3 L2C4",0,0.000000,yes
3D,A,178,A-o11@L2B2,11,L2B2,"L2B2 L2C2 L2D2 L2D3",0,0.000000,yes
3D,A,179,A-o11@L2B3,11,L2B3,"L2B3 L2C3 L2D3 L2D4",0,0.000000,yes
3D,A,180,A-o11@L3A2,11,L3A2,"L3A2 L3B2 L3C2 L3C3",0,0.000000,yes
3D,A,181,A-o12@L1C5,12,L1C5,"L1C5 L2A3 L2B4 L3A3",0,0.000000,yes
3D,A,182,A-o12@L1D4,12,L1D4,"L1D4 L2B2 L2C3 L3B2",0,0.000000,yes
3D,A,183,A-o12@L1D5,12,L1D5,"L1D5 L2B3 L2C4 L3B3",0,0.000000,yes
3D,A,184,A-o12@L1E3,12,L1E3,"L1E3 L2C1 L2D2 L3C1",0,0.000000,yes
3D,A,185,A-o12@L1E4,12,L1E4,"L1E4 L2C2 L2D3 L3C2",0,0.000000,yes
3D,A,186,A-o12@L2C3,12,L2C3,"L2C3 L3A1 L3B2 L4A1",0,0.000000,yes
3D,A,187,A-o13@L1A2,13,L1A2,"L1A2 L2A2 L2B3 L3A2",0,0.000000,yes
3D,A,188,A-o13@L1A3,13,L1A3,"L1A3 L2A3 L2B4 L3A3",0,0.000000,yes
3D,A,189,A-o13@L1B1,13,L1B1,"L1B1 L2B1 L2C2 L3B1",0,0.000000,yes
3D,A,190,A-o13@L1B2,13,L1B2,"L1B2 L2B2 L2C3 L3B2",0,0.000000,yes
3D,A,191,A-o13@L1C1,13,L1C1,"L1C1 L2C1 L2D2 L3C1",0,0.000000,yes
3D,A,192,A-o13@L2B2,13,L2B2,"L2B2 L3B2 L3C3 L4B2",0,0.000000,yes
3D,A,193,A-o14@L1B2,14,L1B2,"L1B2 L2A1 L2B2 L3B2",0,0.000000,yes
3D,A,194,A-o14@L1B3,14,L1B3,"L1B3 L2A2 L2B3 L3B3",0,0.000000,yes
3D,A,195,A-o14@L1C2,14,L1C2,"L1C2 L2B1 L2C2 L3C2",0,0.000000,yes
3D,A,196,A-o14@L1C3,14,L1C3,"L1C3 L2B2 L2C3 L3C3",0,0.000000,yes
3D,A,197,A-o14@L2B2,14,L2B2,"L2B2 L3A1 L3B2 L4B2",0,0.000000,yes
3D,A,198,A-o15@L1C3,15,L1C3,"L1C3 L2B2 L2C3 L3A1",0,0.000000,yes
3D,A,199,A-o15@L1C4,15,L1C4,"L1C4 L2B3 L2C4 L3A2",0,0.000000,yes
3D,A,200,A-o15@L1D3,15,L1D3,"L1D3 L2C2 L2D3 L3B1",0,0.000000,yes
3D,A,201,A-o15@L1D4,15,L1D4,"L1D4 L2C3 L2D4 L3B2",0,0.000000,yes
3D,A,202,A-o15@L2C3,15,L2C3,"L2C3 L3B2 L3C3 L4A1",0,0.000000,yes
3D,A,203,A-o16@L1B3,16,L1B3,"L1B3 L2A3 L3A2 L4A1",0,0.000000,yes
3D,A,204,A-o16@L1C3,16,L1C3,"L1C3 L2B3 L3B2 L4B1",0,0.000000,yes
3D,A,205,A-o16@L1C4,16,L1C4,"L1C4 L2B4 L3B3 L4B2",0,0.000000,yes
3D,A,206,A-o17@L1C2,17,L1C2,"L1C2 L2C1 L3B1 L4A1",0,0.000000,yes
3D,A,207,A-o17@L1C3,17,L1C3,"L1C3 L2C2 L3B2 L4A2",0,0.000000,yes
3D,A,208,A-o17@L1D3,17,L1D3,"L1D3 L2D2 L3C2 L4B2",0,0.000000,yes
3D,A,209,A-o18@L1D2,18,L1D2,"L1D2 L2C2 L3B2 L4B1",0,0.000000,yes
3D,A,210,A-o18@L2C2,18,L2C2,"L2C2 L3B2 L4A2 L5A1",0,0.000000,yes
3D,A,211,A-o19@L1B4,19,L1B4,"L1B4 L2B3 L3B2 L4A2",0,0.000000,yes
3D,A,212,A-o19@L2B3,19,L2B3,"L2B3 L3B2 L4B1 L5A1",0,0.000000,yes
3D,A,213,A-o2@L1A3,2,L1A3,"L1A3 L1B1 L1B2 L1B3",0,0.000000,yes
3D,A,214,A-o2@L1A4,2,L1A4,"L1A4 L1B2 L1B3 L1B4",0,0.000000,yes
3D,A,215,A-o2@L1B4,2,L1B4,"L1B4 L1C2 L1C3 L1C4",0,0.000000,yes
3D,A,216,A-o2@L1C4,2,L1C4,"L1C4 L1D2 L1D3 L1D4",0,0.000000,yes
3D,A,217,A-o2@L2A3,2,L2A3,"L2A3 L2B1 L2B2 L2B3",0,0.000000,yes
3D,A,218,A-o2@L2A4,2,L2A4,"L2A4 L2B2 L2B3 L2B4",0,0.000000,yes
3D,A,219,A-o2@L2B4,2,L2B4,"L2B4 L2C2 L2C3 L2C4",0,0.000000,yes
3D,A,220,A-o2@L3A3,2,L3A3,"L3A3 L3B1 L3B2 L3B3",0,0.000000,yes
3D,A,221,A-o20@L1A3,20,L1A3,"L1A3 L2A2 L2B1 L3A1",0,0.000000,yes
3D,A,222,A-o20@L1A4,20,L1A4,"L1A4 L2A3 L2B2 L3A2",0,0.000000,yes
3D,A,223,A-o20@L1B4,20,L1B4,"L1B4 L2B3 L2C2 L3B2",0,0.000000,yes
3D,A,224,A-o20@L1B5,20,L1B5,"L1B5 L2B4 L2C3 L3B3",0,0.000000,yes
3D,A,225,A-o20@L1C5,20,L1C5,"L1C5 L2C4 L2D3 L3C3",0,0.000000,yes
3D,A,226,A-o20@L2B3,20,L2B3,"L2B3 L3B2 L3C1 L4B1",0,0.000000,yes
3D,A,227,A-o21@L1C1,21,L1C1,"L1C1 L2A2 L2B1 L3A1",0,0.000000,yes
3D,A,228,A-o21@L1D1,21,L1D1,"L1D1 L2B2 L2C1 L3B1",0,0.000000,yes
3D,A,229,A-o21@L1D2,21,L1D2,"L1D2 L2B3 L2C2 L3B2",0,0.000000,yes
3D,A,230,A-o21@L1E2,21,L1E2,"L1E2 L2C3 L2D2 L3C2",0,0.000000,yes
3D,A,231,A-o21@L1E3,21,L1E3,"L1E3 L2C4 L2D3 L3C3",0,0.000000,yes
3D,A,232,A-o21@L2C2,21,L2C2,"L2C2 L3A3 L3B2 L4A2",0,0.000000,yes
3D,A,233,A-o22@L1C2,22,L1C2,"L1C2 L2B2 L2C1 L3A2",0,0.000000,yes
3D,A,234,A-o22@L1C3,22,L1C3,"L1C3 L2B3 L2C2 L3A3",0,0.000000,yes
3D,A,235,A-o22@L1D2,22,L1D2,"L1D2 L2C2 L2D1 L3B2",0,0.000000,yes
3D,A,236,A-o22@L1D3,22,L1D3,"L1D3 L2C3 L2D2 L3B3",0,0.000000,yes
3D,A,237,A-o22@L2C2,22,L2C2,"L2C2 L3B2 L3C1 L4A2",0,0.000000,yes
3D,A,238,A-o23@L1B3,23,L1B3,"L1B3 L2A3 L2B2 L3B1",0,0.000000,yes
3D,A,239,A-o23@L1B4,23,L1B4,"L1B4 L2A4 L2B3 L3B2",0,0.000000,yes
3D,A,240,A-o23@L1C3,23,L1C3,"L1C3 L2B3 L2C2 L3C1",0,0.000000,yes
3D,A,241,A-o23@L1C4,23,L1C4,"L1C4 L2B4 L2C3 L3C2",0,0.000000,yes
3D,A,242,A-o23@L2B3,23,L2B3,"L2B3 L3A3 L3B2 L4B1",0,0.000000,yes
3D,A,243,A-o3@L1B2,3,L1B2,"L1B2 L1B3 L1C2 L1D2",0,0.000000,yes
3D,A,244,A-o3@L1B3,3,L1B3,"L1B3 L1B4 L1C3 L1D3",0,0.000000,yes
3D,A,245,A-o3@L1B4,3,L1B4,"L1B4 L1B5 L1C4 L1D4",0,0.000000,yes
3D,A,246,A-o3@L1C4,3,L1C4,"L1C4 L1C5 L1D4 L1E4",0,0.000000,yes
3D,A,247,A-o3@L2A2,3,L2A2,"L2A2 L2A3 L2B2 L2C2",0,0.000000,yes
3D,A,248,A-o3@L2A3,3,L2A3,"L2A3 L2A4 L2B3 L2C3",0,0.000000,yes
3D,A,249,A-o3@L2B3,3,L2B3,"L2B3 L2B4 L2C3 L2D3",0,0.000000,yes
3D,A,250,A-o3@L3A2,3,L3A2,"L3A2 L3A3 L3B2 L3C2",0,0.000000,yes
3D,A,251,A-o4@L1C3,4,L1C3,"L1C3 L2C3 L3B2 L4A1",0,0.000000,yes
3D,A,252,A-o4@L1C4,4,L1C4,"L1C4 L2C4 L3B3 L4A2",0,0.000000,yes
3D,A,253,A-o4@L1D3,4,L1D3,"L1D3 L2D3 L3C2 L4B1",0,0.000000,yes
3D,A,254,A-o5@L1B3,5,L1B3,"L1B3 L2A2 L3A2 L4A2",0,0.000000,yes
3D,A,255,A-o5@L1C2,5,L1C2,"L1C2 L2B1 L3B1 L4B1",0,0.000000,yes
3D,A,256,A-o5@L1C3,5,L1C3,"L1C3 L2B2 L3B2 L4B2",0,0.000000,yes
3D,A,257,A-o6@L1B2,6,L1B2,"L1B2 L2B2 L3B2 L4A1",0,0.000000,yes
3D,A,258,A-o6@L2B2,6,L2B2,"L2B2 L3B2 L4B2 L5A1",0,0.000000,yes
3D,A,259,A-o7@L1D4,7,L1D4,"L1D4 L2C3 L3B2 L4B2",0,0.000000,yes
3D,A,260,A-o7@L2C3,7,L2C3,"L2C3 L3B2 L4A1 L5A1",0,0.000000,yes
3D,A,261,A-o8@L1B1,8,L1B1,"L1B1 L1B2 L1C2 L1D2",0,0.000000,yes
3D,A,262,A-o8@L1B2,8,L1B2,"L1B2 L1B3 L1C3 L1D3",0,0.000000,yes
3D,A,263,A-o8@L1B3,8,L1B3,"L1B3 L1B4 L1C4 L1D4",0,0.000000,yes
3D,A,264,A-o8@L1C1,8,L1C1,"L1C1 L1C2 L1D2 L1E2",0,0.000000,yes
3D,A,265,A-o8@L2A1,8,L2A1,"L2A1 L2A2 L2B2 L2C2",0,0.000000,yes
3D,A,266,A-o8@L2A2,8,L2A2,"L2A2 L2A3 L2B3 L2C3",0,0.000000,yes
3D,A,267,A-o8@L2B1,8,L2B1,"L2B1 L2B2 L2C2 L2D2",0,0.000000,yes
3D,A,268,A-o8@L3A1,8,L3A1,"L3A1 L3A2 L3B2 L3C2",0,0.000000,yes
3D,A,269,A-o9@L1B2,9,L1B2,"L1B2 L1B3 L1B4 L1C4",0,0.000000,yes
3D,A,270,A-o9@L1C2,9,L1C2,"L1C2 L1C3 L1C4 L1D4",0,0.000000,yes
3D,A,271,A-o9@L1D1,9,L1D1,"L1D1 L1D2 L1D3 L1E3",0,0.000000,yes
3D,A,272,A-o9@L1D2,9,L1D2,"L1D2 L1D3 L1D4 L1E4",0,0.000000,yes
3D,A,273,A-o9@L2B2,9,L2B2,"L2B2 L2B3 L2B4 L2C4",0,0.000000,yes
3D,A,274,A-o9@L2C1,9,L2C1,"L2C1 L2C2 L2C3 L2D3",0,0.000000,yes
3D,A,275,A-o9@L2C2,9,L2C2,"L2C2 L2C3 L2C4 L2D4",0,0.000000,yes
3D,A,276,A-o9@L3B1,9,L3B1,"L3B1 L3B2 L3B3 L3C3",0,0.000000,yes
3D,B,1,B-o16@L1B4,16,L1B4,"L1B4 L2A4 L2B3 L3A3 L4A2",86,3.513072,no
3D,B,2,B-o17@L1D2,17,L1D2,"L1D2 L2C2 L2D1 L3C1 L4B1",86,3.513072,no
3D,B,3,B-o4@L1D4,4,L1D4,"L1D4 L2C3 L2D4 L3C3 L4B2",86,3.513072,no
3D,B,4,B-o5@L1B2,5,L1B2,"L1B2 L2A1 L2B2 L3A1 L4A1",86,3.513072,no
3D,B,5,B-o0@L1C5,0,L1C5,"L1C5 L1D4 L1D5 L1E4 L1E5",62,2.532680,no
3D,B,6,B-o1@L1A1,1,L1A1,"L1A1 L1A2 L1A3 L1B1 L1B2",62,2.532680,no
3D,B,7,B-o10@L1D1,10,L1D1,"L1D1 L1D2 L1E1 L1E2 L1E3",62,2.532680,no
3D,B,8,B-o11@L1C1,11,L1C1,"L1C1 L1D1 L1D2 L1E1 L1E2",62,2.532680,no
3D,B,9,B-o2@L1D4,2,L1D4,"L1D4 L1D5 L1E3 L1E4 L1E5",62,2.532680,no
3D,B,10,B-o3@L1A1,3,L1A1,"L1A1 L1A2 L1B1 L1B2 L1C1",62,2.532680,no
3D,B,11,B-o8@L1A4,8,L1A4,"L1A4 L1A5 L1B4 L1B5 L1C5",62,2.532680,no
3D,B,12,B-o9@L1A3,9,L1A3,"L1A3 L1A4 L1A5 L1B4 L1B5",62,2.532680,no
3D,B,13,B-o0@L1B5,0,L1B5,"L1B5 L1C4 L1C5 L1D4 L1D5",45,1.838235,no
3D,B,14,B-o1@L1A2,1,L1A2,"L1A2 L1A3 L1A4 L1B2 L1B3",45,1.838235,no
3D,B,15,B-o10@L1D2,10,L1D2,"L1D2 L1D3 L1E2 L1E3 L1E4",45,1.838235,no
3D,B,16,B-o11@L1B1,11,L1B1,"L1B1 L1C1 L1C2 L1D1 L1D2",45,1.838235,no
3D,B,17,B-o2@L1D3,2,L1D3,"L1D3 L1D4 L1E2 L1E3 L1E4",45,1.838235,no
3D,B,18,B-o3@L1B1,3,L1B1,"L1B1 L1B2 L1C1 L1C2 L1D1",45,1.838235,no
3D,B,19,B-o8@L1B4,8,L1B4,"L1B4 L1B5 L1C4 L1C5 L1D5",45,1.838235,no
3D,B,20,B-o9@L1A2,9,L1A2,"L1A2 L1A3 L1A4 L1B3 L1B4",45,1.838235,no
3D,B,21,B-o0@L1A5,0,L1A5,"L1A5 L1B4 L1B5 L1C4 L1C5",39,1.593137,no
3D,B,22,B-o1@L1A3,1,L1A3,"L1A3 L1A4 L1A5 L1B3 L1B4",39,1.593137,no
3D,B,23,B-o10@L1D3,10,L1D3,"L1D3 L1D4 L1E3 L1E4 L1E5",39,1.593137,no
3D,B,24,B-o11@L1A1,11,L1A1,"L1A1 L1B1 L1B2 L1C1 L1C2",39,1.593137,no
3D,B,25,B-o2@L1D2,2,L1D2,"L1D2 L1D3 L1E1 L1E2 L1E3",39,1.593137,no
3D,B,26,B-o3@L1C1,3,L1C1,"L1C1 L1C2 L1D1 L1D2 L1E1",39,1.593137,no
3D,B,27,B-o8@L1C4,8,L1C4,"L1C4 L1C5 L1D4 L1D5 L1E5",39,1.593137,no
3D,B,28,B-o9@L1A1,9,L1A1,"L1A1 L1A2 L1A3 L1B2 L1B3",39,1.593137,no
3D,B,29,B-o0@L1C3,0,L1C3,"L1C3 L1D2 L1D3 L1E2 L1E3",31,1.266340,no
3D,B,30,B-o1@L1C1,1,L1C1,"L1C1 L1C2 L1C3 L1D1 L1D2",31,1.266340,no
3D,B,31,B-o10@L1B1,10,L1B1,"L1B1 L1B2 L1C1 L1C2 L1C3",31,1.266340,no
3D,B,32,B-o11@L1C3,11,L1C3,"L1C3 L1D3 L1D4 L1E3 L1E4",31,1.266340,no
3D,B,33,B-o2@L1B4,2,L1B4,"L1B4 L1B5 L1C3 L1C4 L1C5",31,1.266340,no
3D,B,34,B-o3@L1A3,3,L1A3,"L1A3 L1A4 L1B3 L1B4 L1C3",31,1.266340,no
3D,B,35,B-o8@L1A2,8,L1A2,"L1A2 L1A3 L1B2 L1B3 L1C3",31,1.266340,no
3D,B,36,B-o9@L1C3,9,L1C3,"L1C3 L1C4 L1C5 L1D4 L1D5",31,1.266340,no
3D,B,37,B-o12@L1D4,12,L1D4,"L1D4 L1E5 L2C3 L2D4 L3C3",22,0.898693,no
3D,B,38,B-o13@L1A1,13,L1A1,"L1A1 L1B2 L2A1 L2B2 L3A1",22,0.898693,no
3D,B,39,B-o20@L1A5,20,L1A5,"L1A5 L1B4 L2A4 L2B3 L3A3",22,0.898693,no
3D,B,40,B-o21@L1D2,21,L1D2,"L1D2 L1E1 L2C2 L2D1 L3C1",22,0.898693,no
3D,B,41,B-o12@L1B2,12,L1B2,"L1B2 L1C3 L2A1 L2B2 L3A1",20,0.816993,no
3D,B,42,B-o13@L1C3,13,L1C3,"L1C3 L1D4 L2C3 L2D4 L3C3",20,0.816993,no
3D,B,43,B-o20@L1C3,20,L1C3,"L1C3 L1D2 L2C2 L2D1 L3C1",20,0.816993,no
3D,B,44,B-o21@L1B4,21,L1B4,"L1B4 L1C3 L2A4 L2B3 L3A3",20,0.816993,no
3D,B,45,B-o0@L2B4,0,L2B4,"L2B4 L2C3 L2C4 L2D3 L2D4",11,0.449346,no
3D,B,46,B-o1@L2A1,1,L2A1,"L2A1 L2A2 L2A3 L2B1 L2B2",11,0.449346,no
3D,B,47,B-o10@L2C1,10,L2C1,"L2C1 L2C2 L2D1 L2D2 L2D3",11,0.449346,no
3D,B,48,B-o11@L2B1,11,L2B1,"L2B1 L2C1 L2C2 L2D1 L2D2",11,0.449346,no
3D,B,49,B-o2@L2C3,2,L2C3,"L2C3 L2C4 L2D2 L2D3 L2D4",11,0.449346,no
3D,B,50,B-o3@L2A1,3,L2A1,"L2A1 L2A2 L2B1 L2B2 L2C1",11,0.449346,no
3D,B,51,B-o8@L2A3,8,L2A3,"L2A3 L2A4 L2B3 L2B4 L2C4",11,0.449346,no
3D,B,52,B-o9@L2A2,9,L2A2,"L2A2 L2A3 L2A4 L2B3 L2B4",11,0.449346,no
3D,B,53,B-o0@L1C4,0,L1C4,"L1C4 L1D3 L1D4 L1E3 L1E4",10,0.408497,no
3D,B,54,B-o1@L1B1,1,L1B1,"L1B1 L1B2 L1B3 L1C1 L1C2",10,0.408497,no
3D,B,55,B-o10@L1C1,10,L1C1,"L1C1 L1C2 L1D1 L1D2 L1D3",10,0.408497,no
3D,B,56,B-o11@L1C2,11,L1C2,"L1C2 L1D2 L1D3 L1E2 L1E3",10,0.408497,no
3D,B,57,B-o2@L1C4,2,L1C4,"L1C4 L1C5 L1D3 L1D4 L1D5",10,0.408497,no
3D,B,58,B-o3@L1A2,3,L1A2,"L1A2 L1A3 L1B2 L1B3 L1C2",10,0.408497,no
3D,B,59,B-o8@L1A3,8,L1A3,"L1A3 L1A4 L1B3 L1B4 L1C4",10,0.408497,no
3D,B,60,B-o9@L1B3,9,L1B3,"L1B3 L1B4 L1B5 L1C4 L1C5",10,0.408497,no
3D,B,61,B-o0@L1A3,0,L1A3,"L1A3 L1B2 L1B3 L1C2 L1C3",9,0.367647,no
3D,B,62,B-o0@L1C2,0,L1C2,"L1C2 L1D1 L1D2 L1E1 L1E2",9,0.367647,no
3D,B,63,B-o1@L1C3,1,L1C3,"L1C3 L1C4 L1C5 L1D3 L1D4",9,0.367647,no
3D,B,64,B-o1@L1D1,1,L1D1,"L1D1 L1D2 L1D3 L1E1 L1E2",9,0.367647,no
3D,B,65,B-o10@L1A1,10,L1A1,"L1A1 L1A2 L1B1 L1B2 L1B3",9,0.367647,no
3D,B,66,B-o10@L1B3,10,L1B3,"L1B3 L1B4 L1C3 L1C4 L1C5",9,0.367647,no
3D,B,67,B-o11@L1A3,11,L1A3,"L1A3 L1B3 L1B4 L1C3 L1C4",9,0.367647,no
3D,B,68,B-o11@L1C4,11,L1C4,"L1C4 L1D4 L1D5 L1E4 L1E5",9,0.367647,no
3D,B,69,B-o2@L1A4,2,L1A4,"L1A4 L1A5 L1B3 L1B4 L1B5",9,0.367647,no
3D,B,70,B-o2@L1B2,2,L1B2,"L1B2 L1B3 L1C1 L1C2 L1C3",9,0.367647,no
3D,B,71,B-o3@L1A4,3,L1A4,"L1A4 L1A5 L1B4 L1B5 L1C4",9,0.367647,no
3D,B,72,B-o3@L1C3,3,L1C3,"L1C3 L1C4 L1D3 L1D4 L1E3",9,0.367647,no
3D,B,73,B-o8@L1A1,8,L1A1,"L1A1 L1A2 L1B1 L1B2 L1C2",9,0.367647,no
3D,B,74,B-o8@L1C2,8,L1C2,"L1C2 L1C3 L1D2 L1D3 L1E3",9,0.367647,no
3D,B,75,B-o9@L1C1,9,L1C1,"L1C1 L1C2 L1C3 L1D2 L1D3",9,0.367647,no
3D,B,76,B-o9@L1D3,9,L1D3,"L1D3 L1D4 L1D5 L1E4 L1E5",9,0.367647,no
3D,B,77,B-o0@L2A2,0,L2A2,"L2A2 L2B1 L2B2 L2C1 L2C2",8,0.326797,no
3D,B,78,B-o1@L2C2,1,L2C2,"L2C2 L2C3 L2C4 L2D2 L2D3",8,0.326797,no
3D,B,79,B-o10@L2A2,10,L2A2,"L2A2 L2A3 L2B2 L2B3 L2B4",8,0.326797,no
3D,B,80,B-o11@L2A3,11,L2A3,"L2A3 L2B3 L2B4 L2C3 L2C4",8,0.326797,no
3D,B,81,B-o2@L2A2,2,L2A2,"L2A2 L2A3 L2B1 L2B2 L2B3",8,0.326797,no
3D,B,82,B-o3@L2B3,3,L2B3,"L2B3 L2B4 L2C3 L2C4 L2D3",8,0.326797,no
3D,B,83,B-o8@L2B1,8,L2B1,"L2B1 L2B2 L2C1 L2C2 L2D2",8,0.326797,no
3D,B,84,B-o9@L2C1,9,L2C1,"L2C1 L2C2 L2C3 L2D2 L2D3",8,0.326797,no
3D,B,85,B-o0@L1B4,0,L1B4,"L1B4 L1C3 L1C4 L1D3 L1D4",5,0.204248,no
3D,B,86,B-o1@L1B2,1,L1B2,"L1B2 L1B3 L1B4 L1C2 L1C3",5,0.204248,no
3D,B,87,B-o10@L1C2,10,L1C2,"L1C2 L1C3 L1D2 L1D3 L1D4",5,0.204248,no
3D,B,88,B-o11@L1B2,11,L1B2,"L1B2 L1C2 L1C3 L1D2 L1D3",5,0.204248,no
3D,B,89,B-o2@L1C3,2,L1C3,"L1C3 L1C4 L1D2 L1D3 L1D4",5,0.204248,no
3D,B,90,B-o3@L1B2,3,L1B2,"L1B2 L1B3 L1C2 L1C3 L1D2",5,0.204248,no
3D,B,91,B-o8@L1B3,8,L1B3,"L1B3 L1B4 L1C3 L1C4 L1D4",5,0.204248,no
3D,B,92,B-o9@L1B2,9,L1B2,"L1B2 L1B3 L1B4 L1C3 L1C4",5,0.204248,no
3D,B,93,B-o0@L1B3,0,L1B3,"L1B3 L1C2 L1C3 L1D2 L1D3",3,0.122549,no
3D,B,94,B-o1@L1C2,1,L1C2,"L1C2 L1C3 L1C4 L1D2 L1D3",3,0.122549,no
3D,B,95,B-o10@L1B2,10,L1B2,"L1B2 L1B3 L1C2 L1C3 L1C4",3,0.122549,no
3D,B,96,B-o11@L1B3,11,L1B3,"L1B3 L1C3 L1C4 L1D3 L1D4",3,0.122549,no
3D,B,97,B-o2@L1B3,2,L1B3,"L1B3 L1B4 L1C2 L1C3 L1C4",3,0.122549,no
3D,B,98,B-o3@L1B3,3,L1B3,"L1B3 L1B4 L1C3 L1C4 L1D3",3,0.122549,no
3D,B,99,B-o8@L1B2,8,L1B2,"L1B2 L1B3 L1C2 L1C3 L1D3",3,0.122549,no
3D,B,100,B-o9@L1C2,9,L1C2,"L1C2 L1C3 L1C4 L1D3 L1D4",3,0.122549,no
3D,B,101,B-o0@L1A2,0,L1A2,"L1A2 L1B1 L1B2 L1C1 L1C2",2,0.081699,no
3D,B,102,B-o0@L1A4,0,L1A4,"L1A4 L1B3 L1B4 L1C3 L1C4",2,0.081699,no
3D,B,103,B-o0@L1B2,0,L1B2,"L1B2 L1C1 L1C2 L1D1 L1D2",2,0.081699,no
3D,B,104,B-o1@L1B3,1,L1B3,"L1B3 L1B4 L1B5 L1C3 L1C4",2,0.081699,no
3D,B,105,B-o1@L1D2,1,L1D2,"L1D2 L1D3 L1D4 L1E2 L1E3",2,0.081699,no
3D,B,106,B-o1@L1D3,1,L1D3,"L1D3 L1D4 L1D5 L1E3 L1E4",2,0.081699,no
3D,B,107,B-o10@L1A2,10,L1A2,"L1A2 L1A3 L1B2 L1B3 L1B4",2,0.081699,no
3D,B,108,B-o10@L1A3,10,L1A3,"L1A3 L1A4 L1B3 L1B4 L1B5",2,0.081699,no
3D,B,109,B-o10@L1C3,10,L1C3,"L1C3 L1C4 L1D3 L1D4 L1D5",2,0.081699,no
3D,B,110,B-o11@L1A2,11,L1A2,"L1A2 L1B2 L1B3 L1C2 L1C3",2,0.081699,no
3D,B,111,B-o11@L1A4,11,L1A4,"L1A4 L1B4 L1B5 L1C4 L1C5",2,0.081699,no
3D,B,112,B-o11@L1B4,11,L1B4,"L1B4 L1C4 L1C5 L1D4 L1D5",2,0.081699,no
3D,B,113,B-o14@L1B3,14,L1B3,"L1B3 L2A2 L2B3 L3A2 L3B3",2,0.081699,no
3D,B,114,B-o14@L1C2,14,L1C2,"L1C2 L2B1 L2C2 L3B1 L3C2",2,0.081699,no
3D,B,115,B-o15@L1C4,15,L1C4,"L1C4 L2B3 L2C4 L3A2 L3B3",2,0.081699,no
3D,B,116,B-o15@L1D3,15,L1D3,"L1D3 L2C2 L2D3 L3B1 L3C2",2,0.081699,no
3D,B,117,B-o2@L1A2,2,L1A2,"L1A2 L1A3 L1B1 L1B2 L1B3",2,0.081699,no
3D,B,118,B-o2@L1A3,2,L1A3,"L1A3 L1A4 L1B2 L1B3 L1B4",2,0.081699,no
3D,B,119,B-o2@L1C2,2,L1C2,"L1C2 L1C3 L1D1 L1D2 L1D3",2,0.081699,no
3D,B,120,B-o22@L1C2,22,L1C2,"L1C2 L2B2 L2C1 L3A2 L3B1",2,0.081699,no
3D,B,121,B-o22@L1D3,22,L1D3,"L1D3 L2C3 L2D2 L3B3 L3C2",2,0.081699,no
3D,B,122,B-o23@L1B3,23,L1B3,"L1B3 L2A3 L2B2 L3A2 L3B1",2,0.081699,no
3D,B,123,B-o23@L1C4,23,L1C4,"L1C4 L2B4 L2C3 L3B3 L3C2",2,0.081699,no
3D,B,124,B-o3@L1B4,3,L1B4,"L1B4 L1B5 L1C4 L1C5 L1D4",2,0.081699,no
3D,B,125,B-o3@L1C2,3,L1C2,"L1C2 L1C3 L1D2 L1D3 L1E2",2,0.081699,no
3D,B,126,B-o3@L1C4,3,L1C4,"L1C4 L1C5 L1D4 L1D5 L1E4",2,0.081699,no
3D,B,127,B-o8@L1B1,8,L1B1,"L1B1 L1B2 L1C1 L1C2 L1D2",2,0.081699,no
3D,B,128,B-o8@L1C1,8,L1C1,"L1C1 L1C2 L1D1 L1D2 L1E2",2,0.081699,no
3D,B,129,B-o8@L1C3,8,L1C3,"L1C3 L1C4 L1D3 L1D4 L1E4",2,0.081699,no
3D,B,130,B-o9@L1B1,9,L1B1,"L1B1 L1B2 L1B3 L1C2 L1C3",2,0.081699,no
3D,B,131,B-o9@L1D1,9,L1D1,"L1D1 L1D2 L1D3 L1E2 L1E3",2,0.081699,no
3D,B,132,B-o9@L1D2,9,L1D2,"L1D2 L1D3 L1D4 L1E3 L1E4",2,0.081699,no
3D,B,133,B-o0@L2B2,0,L2B2,"L2B2 L2C1 L2C2 L2D1 L2D2",1,0.040850,no
3D,B,134,B-o1@L2C1,1,L2C1,"L2C1 L2C2 L2C3 L2D1 L2D2",1,0.040850,no
3D,B,135,B-o10@L2A1,10,L2A1,"L2A1 L2A2 L2B1 L2B2 L2B3",1,0.040850,no
3D,B,136,B-o11@L2B3,11,L2B3,"L2B3 L2C3 L2C4 L2D3 L2D4",1,0.040850,no
3D,B,137,B-o12@L2B3,12,L2B3,"L2B3 L2C4 L3A2 L3B3 L4A2",1,0.040850,no
3D,B,138,B-o12@L2C2,12,L2C2,"L2C2 L2D3 L3B1 L3C2 L4B1",1,0.040850,no
3D,B,139,B-o13@L2A2,13,L2A2,"L2A2 L2B3 L3A2 L3B3 L4A2",1,0.040850,no
3D,B,140,B-o13@L2B1,13,L2B1,"L2B1 L2C2 L3B1 L3C2 L4B1",1,0.040850,no
3D,B,141,B-o2@L2A3,2,L2A3,"L2A3 L2A4 L2B2 L2B3 L2B4",1,0.040850,no
3D,B,142,B-o20@L2A3,20,L2A3,"L2A3 L2B2 L3A2 L3B1 L4A1",1,0.040850,no
3D,B,143,B-o20@L2B4,20,L2B4,"L2B4 L2C3 L3B3 L3C2 L4B2",1,0.040850,no
3D,B,144,B-o21@L2B2,21,L2B2,"L2B2 L2C1 L3A2 L3B1 L4A1",1,0.040850,no
3D,B,145,B-o21@L2C3,21,L2C3,"L2C3 L2D2 L3B3 L3C2 L4B2",1,0.040850,no
3D,B,146,B-o3@L2A3,3,L2A3,"L2A3 L2A4 L2B3 L2B4 L2C3",1,0.040850,no
3D,B,147,B-o8@L2A1,8,L2A1,"L2A1 L2A2 L2B1 L2B2 L2C2",1,0.040850,no
3D,B,148,B-o9@L2C2,9,L2C2,"L2C2 L2C3 L2C4 L2D3 L2D4",1,0.040850,no
3D,B,149,B-o0@L2A3,0,L2A3,"L2A3 L2B2 L2B3 L2C2 L2C3",0,0.000000,yes
3D,B,150,B-o0@L2A4,0,L2A4,"L2A4 L2B3 L2B4 L2C3 L2C4",0,0.000000,yes
3D,B,151,B-o0@L2B3,0,L2B3,"L2B3 L2C2 L2C3 L2D2 L2D3",0,0.000000,yes
3D,B,152,B-o0@L3A2,0,L3A2,"L3A2 L3B1 L3B2 L3C1 L3C2",0,0.000000,yes
3D,B,153,B-o0@L3A3,0,L3A3,"L3A3 L3B2 L3B3 L3C2 L3C3",0,0.000000,yes
3D,B,154,B-o1@L2A2,1,L2A2,"L2A2 L2A3 L2A4 L2B2 L2B3",0,0.000000,yes
3D,B,155,B-o1@L2B1,1,L2B1,"L2B1 L2B2 L2B3 L2C1 L2C2",0,0.000000,yes
3D,B,156,B-o1@L2B2,1,L2B2,"L2B2 L2B3 L2B4 L2C2 L2C3",0,0.000000,yes
3D,B,157,B-o1@L3A1,1,L3A1,"L3A1 L3A2 L3A3 L3B1 L3B2",0,0.000000,yes
3D,B,158,B-o1@L3B1,1,L3B1,"L3B1 L3B2 L3B3 L3C1 L3C2",0,0.000000,yes
3D,B,159,B-o10@L2B1,10,L2B1,"L2B1 L2B2 L2C1 L2C2 L2C3",0,0.000000,yes
3D,B,160,B-o10@L2B2,10,L2B2,"L2B2 L2B3 L2C2 L2C3 L2C4",0,0.000000,yes
3D,B,161,B-o10@L2C2,10,L2C2,"L2C2 L2C3 L2D2 L2D3 L2D4",0,0.000000,yes
3D,B,162,B-o10@L3A1,10,L3A1,"L3A1 L3A2 L3B1 L3B2 L3B3",0,0.000000,yes
3D,B,163,B-o10@L3B1,10,L3B1,"L3B1 L3B2 L3C1 L3C2 L3C3",0,0.000000,yes
3D,B,164,B-o11@L2A1,11,L2A1,"L2A1 L2B1 L2B2 L2C1 L2C2",0,0.000000,yes
3D,B,165,B-o11@L2A2,11,L2A2,"L2A2 L2B2 L2B3 L2C2 L2C3",0,0.000000,yes
3D,B,166,B-o11@L2B2,11,L2B2,"L2B2 L2C2 L2C3 L2D2 L2D3",0,0.000000,yes
3D,B,167,B-o11@L3A1,11,L3A1,"L3A1 L3B1 L3B2 L3C1 L3C2",0,0.000000,yes
3D,B,168,B-o11@L3A2,11,L3A2,"L3A2 L3B2 L3B3 L3C2 L3C3",0,0.000000,yes
3D,B,169,B-o12@L1B3,12,L1B3,"L1B3 L1C4 L2A2 L2B3 L3A2",0,0.000000,yes
3D,B,170,B-o12@L1B4,12,L1B4,"L1B4 L1C5 L2A3 L2B4 L3A3",0,0.000000,yes
3D,B,171,B-o12@L1C2,12,L1C2,"L1C2 L1D3 L2B1 L2C2 L3B1",0,0.000000,yes
3D,B,172,B-o12@L1C3,12,L1C3,"L1C3 L1D4 L2B2 L2C3 L3B2",0,0.000000,yes
3D,B,173,B-o12@L1C4,12,L1C4,"L1C4 L1D5 L2B3 L2C4 L3B3",0,0.000000,yes
3D,B,174,B-o12@L1D2,12,L1D2,"L1D2 L1E3 L2C1 L2D2 L3C1",0,0.000000,yes
3D,B,175,B-o12@L1D3,12,L1D3,"L1D3 L1E4 L2C2 L2D3 L3C2",0,0.000000,yes
3D,B,176,B-o12@L2B2,12,L2B2,"L2B2 L2C3 L3A1 L3B2 L4A1",0,0.000000,yes
3D,B,177,B-o12@L2C3,12,L2C3,"L2C3 L2D4 L3B2 L3C3 L4B2",0,0.000000,yes
3D,B,178,B-o12@L3B2,12,L3B2,"L3B2 L3C3 L4A1 L4B2 L5A1",0,0.000000,yes
3D,B,179,B-o13@L1A2,13,L1A2,"L1A2 L1B3 L2A2 L2B3 L3A2",0,0.000000,yes
3D,B,180,B-o13@L1A3,13,L1A3,"L1A3 L1B4 L2A3 L2B4 L3A3",0,0.000000,yes
3D,B,181,B-o13@L1B1,13,L1B1,"L1B1 L1C2 L2B1 L2C2 L3B1",0,0.000000,yes
3D,B,182,B-o13@L1B2,13,L1B2,"L1B2 L1C3 L2B2 L2C3 L3B2",0,0.000000,yes
3D,B,183,B-o13@L1B3,13,L1B3,"L1B3 L1C4 L2B3 L2C4 L3B3",0,0.000000,yes
3D,B,184,B-o13@L1C1,13,L1C1,"L1C1 L1D2 L2C1 L2D2 L3C1",0,0.000000,yes
3D,B,185,B-o13@L1C2,13,L1C2,"L1C2 L1D3 L2C2 L2D3 L3C2",0,0.000000,yes
3D,B,186,B-o13@L2A1,13,L2A1,"L2A1 L2B2 L3A1 L3B2 L4A1",0,0.000000,yes
3D,B,187,B-o13@L2B2,13,L2B2,"L2B2 L2C3 L3B2 L3C3 L4B2",0,0.000000,yes
3D,B,188,B-o13@L3A1,13,L3A1,"L3A1 L3B2 L4A1 L4B2 L5A1",0,0.000000,yes
3D,B,189,B-o14@L1B2,14,L1B2,"L1B2 L2A1 L2B2 L3A1 L3B2",0,0.000000,yes
3D,B,190,B-o14@L1C3,14,L1C3,"L1C3 L2B2 L2C3 L3B2 L3C3",0,0.000000,yes
3D,B,191,B-o14@L2B2,14,L2B2,"L2B2 L3A1 L3B2 L4A1 L4B2",0,0.000000,yes
3D,B,192,B-o15@L1C3,15,L1C3,"L1C3 L2B2 L2C3 L3A1 L3B2",0,0.000000,yes
3D,B,193,B-o15@L1D4,15,L1D4,"L1D4 L2C3 L2D4 L3B2 L3C3",0,0.000000,yes
3D,B,194,B-o15@L2C3,15,L2C3,"L2C3 L3B2 L3C3 L4A1 L4B2",0,0.000000,yes
3D,B,195,B-o16@L1B3,16,L1B3,"L1B3 L2A3 L2B2 L3A2 L4A1",0,0.000000,yes
3D,B,196,B-o16@L1C3,16,L1C3,"L1C3 L2B3 L2C2 L3B2 L4B1",0,0.000000,yes
3D,B,197,B-o16@L1C4,16,L1C4,"L1C4 L2B4 L2C3 L3B3 L4B2",0,0.000000,yes
3D,B,198,B-o16@L2B3,16,L2B3,"L2B3 L3A3 L3B2 L4A2 L5A1",0,0.000000,yes
3D,B,199,B-o17@L1C2,17,L1C2,"L1C2 L2B2 L2C1 L3B1 L4A1",0,0.000000,yes
3D,B,200,B-o17@L1C3,17,L1C3,"L1C3 L2B3 L2C2 L3B2 L4A2",0,0.000000,yes
3D,B,201,B-o17@L1D3,17,L1D3,"L1D3 L2C3 L2D2 L3C2 L4B2",0,0.000000,yes
3D,B,202,B-o17@L2C2,17,L2C2,"L2C2 L3B2 L3C1 L4B1 L5A1",0,0.000000,yes
3D,B,203,B-o18@L1C2,18,L1C2,"L1C2 L2B2 L3A2 L3B1 L4A1",0,0.000000,yes
3D,B,204,B-o18@L1C3,18,L1C3,"L1C3 L2B3 L3A3 L3B2 L4A2",0,0.000000,yes
3D,B,205,B-o18@L1D2,18,L1D2,"L1D2 L2C2 L3B2 L3C1 L4B1",0,0.000000,yes
3D,B,206,B-o18@L1D3,18,L1D3,"L1D3 L2C3 L3B3 L3C2 L4B2",0,0.000000,yes
3D,B,207,B-o18@L2C2,18,L2C2,"L2C2 L3B2 L4A2 L4B1 L5A1",0,0.000000,yes
3D,B,208,B-o19@L1B3,19,L1B3,"L1B3 L2B2 L3A2 L3B1 L4A1",0,0.000000,yes
3D,B,209,B-o19@L1B4,19,L1B4,"L1B4 L2B3 L3A3 L3B2 L4A2",0,0.000000,yes
3D,B,210,B-o19@L1C3,19,L1C3,"L1C3 L2C2 L3B2 L3C1 L4B1",0,0.000000,yes
3D,B,211,B-o19@L1C4,19,L1C4,"L1C4 L2C3 L3B3 L3C2 L4B2",0,0.000000,yes
3D,B,212,B-o19@L2B3,19,L2B3,"L2B3 L3B2 L4A2 L4B1 L5A1",0,0.000000,yes
3D,B,213,B-o2@L2B2,2,L2B2,"L2B2 L2B3 L2C1 L2C2 L2C3",0,0.000000,yes
3D,B,214,B-o2@L2B3,2,L2B3,"L2B3 L2B4 L2C2 L2C3 L2C4",0,0.000000,yes
3D,B,215,B-o2@L2C2,2,L2C2,"L2C2 L2C3 L2D1 L2D2 L2D3",0,0.000000,yes
3D,B,216,B-o2@L3A2,2,L3A2,"L3A2 L3A3 L3B1 L3B2 L3B3",0,0.000000,yes
3D,B,217,B-o2@L3B2,2,L3B2,"L3B2 L3B3 L3C1 L3C2 L3C3",0,0.000000,yes
3D,B,218,B-o20@L1A3,20,L1A3,"L1A3 L1B2 L2A2 L2B1 L3A1",0,0.000000,yes
3D,B,219,B-o20@L1A4,20,L1A4,"L1A4 L1B3 L2A3 L2B2 L3A2",0,0.000000,yes
3D,B,220,B-o20@L1B3,20,L1B3,"L1B3 L1C2 L2B2 L2C1 L3B1",0,0.000000,yes
3D,B,221,B-o20@L1B4,20,L1B4,"L1B4 L1C3 L2B3 L2C2 L3B2",0,0.000000,yes
3D,B,222,B-o20@L1B5,20,L1B5,"L1B5 L1C4 L2B4 L2C3 L3B3",0,0.000000,yes
3D,B,223,B-o20@L1C4,20,L1C4,"L1C4 L1D3 L2C3 L2D2 L3C2",0,0.000000,yes
3D,B,224,B-o20@L1C5,20,L1C5,"L1C5 L1D4 L2C4 L2D3 L3C3",0,0.000000,yes
3D,B,225,B-o20@L2A4,20,L2A4,"L2A4 L2B3 L3A3 L3B2 L4A2",0,0.000000,yes
3D,B,226,B-o20@L2B3,20,L2B3,"L2B3 L2C2 L3B2 L3C1 L4B1",0,0.000000,yes
3D,B,227,B-o20@L3A3,20,L3A3,"L3A3 L3B2 L4A2 L4B1 L5A1",0,0.000000,yes
3D,B,228,B-o21@L1B2,21,L1B2,"L1B2 L1C1 L2A2 L2B1 L3A1",0,0.000000,yes
3D,B,229,B-o21@L1B3,21,L1B3,"L1B3 L1C2 L2A3 L2B2 L3A2",0,0.000000,yes
3D,B,230,B-o21@L1C2,21,L1C2,"L1C2 L1D1 L2B2 L2C1 L3B1",0,0.000000,yes
3D,B,231,B-o21@L1C3,21,L1C3,"L1C3 L1D2 L2B3 L2C2 L3B2",0,0.000000,yes
3D,B,232,B-o21@L1C4,21,L1C4,"L1C4 L1D3 L2B4 L2C3 L3B3",0,0.000000,yes
3D,B,233,B-o21@L1D3,21,L1D3,"L1D3 L1E2 L2C3 L2D2 L3C2",0,0.000000,yes
3D,B,234,B-o21@L1D4,21,L1D4,"L1D4 L1E3 L2C4 L2D3 L3C3",0,0.000000,yes
3D,B,235,B-o21@L2B3,21,L2B3,"L2B3 L2C2 L3A3 L3B2 L4A2",0,0.000000,yes
3D,B,236,B-o21@L2C2,21,L2C2,"L2C2 L2D1 L3B2 L3C1 L4B1",0,0.000000,yes
3D,B,237,B-o21@L3B2,21,L3B2,"L3B2 L3C1 L4A2 L4B1 L5A1",0,0.000000,yes
3D,B,238,B-o22@L1C3,22,L1C3,"L1C3 L2B3 L2C2 L3A3 L3B2",0,0.000000,yes
3D,B,239,B-o22@L1D2,22,L1D2,"L1D2 L2C2 L2D1 L3B2 L3C1",0,0.000000,yes
3D,B,240,B-o22@L2C2,22,L2C2,"L2C2 L3B2 L3C1 L4A2 L4B1",0,0.000000,yes
3D,B,241,B-o23@L1B4,23,L1B4,"L1B4 L2A4 L2B3 L3A3 L3B2",0,0.000000,yes
3D,B,242,B-o23@L1C3,23,L1C3,"L1C3 L2B3 L2C2 L3B2 L3C1",0,0.000000,yes
3D,B,243,B-o23@L2B3,23,L2B3,"L2B3 L3A3 L3B2 L4A2 L4B1",0,0.000000,yes
3D,B,244,B-o3@L2A2,3,L2A2,"L2A2 L2A3 L2B2 L2B3 L2C2",0,0.000000,yes
3D,B,245,B-o3@L2B1,3,L2B1,"L2B1 L2B2 L2C1 L2C2 L2D1",0,0.000000,yes
3D,B,246,B-o3@L2B2,3,L2B2,"L2B2 L2B3 L2C2 L2C3 L2D2",0,0.000000,yes
3D,B,247,B-o3@L3A1,3,L3A1,"L3A1 L3A2 L3B1 L3B2 L3C1",0,0.000000,yes
3D,B,248,B-o3@L3A2,3,L3A2,"L3A2 L3A3 L3B2 L3B3 L3C2",0,0.000000,yes
3D,B,249,B-o4@L1C3,4,L1C3,"L1C3 L2B2 L2C3 L3B2 L4A1",0,0.000000,yes
3D,B,250,B-o4@L1C4,4,L1C4,"L1C4 L2B3 L2C4 L3B3 L4A2",0,0.000000,yes
3D,B,251,B-o4@L1D3,4,L1D3,"L1D3 L2C2 L2D3 L3C2 L4B1",0,0.000000,yes
3D,B,252,B-o4@L2C3,4,L2C3,"L2C3 L3B2 L3C3 L4B2 L5A1",0,0.000000,yes
3D,B,253,B-o5@L1B3,5,L1B3,"L1B3 L2A2 L2B3 L3A2 L4A2",0,0.000000,yes
3D,B,254,B-o5@L1C2,5,L1C2,"L1C2 L2B1 L2C2 L3B1 L4B1",0,0.000000,yes
3D,B,255,B-o5@L1C3,5,L1C3,"L1C3 L2B2 L2C3 L3B2 L4B2",0,0.000000,yes
3D,B,256,B-o5@L2B2,5,L2B2,"L2B2 L3A1 L3B2 L4A1 L5A1",0,0.000000,yes
3D,B,257,B-o6@L1B2,6,L1B2,"L1B2 L2B2 L3A1 L3B2 L4A1",0,0.000000,yes
3D,B,258,B-o6@L1B3,6,L1B3,"L1B3 L2B3 L3A2 L3B3 L4A2",0,0.000000,yes
3D,B,259,B-o6@L1C2,6,L1C2,"L1C2 L2C2 L3B1 L3C2 L4B1",0,0.000000,yes
3D,B,260,B-o6@L1C3,6,L1C3,"L1C3 L2C3 L3B2 L3C3 L4B2",0,0.000000,yes
3D,B,261,B-o6@L2B2,6,L2B2,"L2B2 L3B2 L4A1 L4B2 L5A1",0,0.000000,yes
3D,B,262,B-o7@L1C3,7,L1C3,"L1C3 L2B2 L3A1 L3B2 L4A1",0,0.000000,yes
3D,B,263,B-o7@L1C4,7,L1C4,"L1C4 L2B3 L3A2 L3B3 L4A2",0,0.000000,yes
3D,B,264,B-o7@L1D3,7,L1D3,"L1D3 L2C2 L3B1 L3C2 L4B1",0,0.000000,yes
3D,B,265,B-o7@L1D4,7,L1D4,"L1D4 L2C3 L3B2 L3C3 L4B2",0,0.000000,yes
3D,B,266,B-o7@L2C3,7,L2C3,"L2C3 L3B2 L4A1 L4B2 L5A1",0,0.000000,yes
3D,B,267,B-o8@L2A2,8,L2A2,"L2A2 L2A3 L2B2 L2B3 L2C3",0,0.000000,yes
3D,B,268,B-o8@L2B2,8,L2B2,"L2B2 L2B3 L2C2 L2C3 L2D3",0,0.000000,yes
3D,B,269,B-o8@L2B3,8,L2B3,"L2B3 L2B4 L2C3 L2C4 L2D4",0,0.000000,yes
3D,B,270,B-o8@L3A1,8,L3A1,"L3A1 L3A2 L3B1 L3B2 L3C2",0,0.000000,yes
3D,B,271,B-o8@L3A2,8,L3A2,"L3A2 L3A3 L3B2 L3B3 L3C3",0,0.000000,yes
3D,B,272,B-o9@L2A1,9,L2A1,"L2A1 L2A2 L2A3 L2B2 L2B3",0,0.000000,yes
3D,B,273,B-o9@L2B1,9,L2B1,"L2B1 L2B2 L2B3 L2C2 L2C3",0,0.000000,yes
3D,B,274,B-o9@L2B2,9,L2B2,"L2B2 L2B3 L2B4 L2C3 L2C4",0,0.000000,yes
3D,B,275,B-o9@L3A1,9,L3A1,"L3A1 L3A2 L3A3 L3B2 L3B3",0,0.000000,yes
3D,B,276,B-o9@L3B1,9,L3B1,"L3B1 L3B2 L3B3 L3C2 L3C3",0,0.000000,yes
3D,C,1,C-o0@L1B5,0,L1B5,"L1B5 L1C5 L1D5 L1E4 L1E5",112,4.575163,no
3D,C,2,C-o1@L1A1,1,L1A1,"L1A1 L1A2 L1A3 L1A4 L1B1",112,4.575163,no
3D,C,3,C-o10@L1D1,10,L1D1,"L1D1 L1E1 L1E2 L1E3 L1E4",112,4.575163,no
3D,C,4,C-o11@L1B1,11,L1B1,"L1B1 L1C1 L1D1 L1E1 L1E2",112,4.575163,no
3D,C,5,C-o2@L1D5,2,L1D5,"L1D5 L1E2 L1E3 L1E4 L1E5",112,4.575163,no
3D,C,6,C-o3@L1A1,3,L1A1,"L1A1 L1A2 L1B1 L1C1 L1D1",112,4.575163,no
3D,C,7,C-o8@L1A4,8,L1A4,"L1A4 L1A5 L1B5 L1C5 L1D5",112,4.575163,no
3D,C,8,C-o9@L1A2,9,L1A2,"L1A2 L1A3 L1A4 L1A5 L1B5",112,4.575163,no
3D,C,9,C-o0@L2A4,0,L2A4,"L2A4 L2B4 L2C4 L2D3 L2D4",101,4.125817,no
3D,C,10,C-o1@L2A1,1,L2A1,"L2A1 L2A2 L2A3 L2A4 L2B1",101,4.125817,no
3D,C,11,C-o10@L2C1,10,L2C1,"L2C1 L2D1 L2D2 L2D3 L2D4",101,4.125817,no
3D,C,12,C-o11@L2A1,11,L2A1,"L2A1 L2B1 L2C1 L2D1 L2D2",101,4.125817,no
3D,C,13,C-o2@L2C4,2,L2C4,"L2C4 L2D1 L2D2 L2D3 L2D4",101,4.125817,no
3D,C,14,C-o3@L2A1,3,L2A1,"L2A1 L2A2 L2B1 L2C1 L2D1",101,4.125817,no
3D,C,15,C-o8@L2A3,8,L2A3,"L2A3 L2A4 L2B4 L2C4 L2D4",101,4.125817,no
3D,C,16,C-o9@L2A1,9,L2A1,"L2A1 L2A2 L2A3 L2A4 L2B4",101,4.125817,no
3D,C,17,C-o12@L2D4,12,L2D4,"L2D4 L3C3 L4A1 L4B2 L5A1",70,2.859477,no
3D,C,18,C-o13@L2A1,13,L2A1,"L2A1 L3A1 L4A1 L4B2 L5A1",70,2.859477,no
3D,C,19,C-o20@L2A4,20,L2A4,"L2A4 L3A3 L4A2 L4B1 L5A1",70,2.859477,no
3D,C,20,C-o21@L2D1,21,L2D1,"L2D1 L3C1 L4A2 L4B1 L5A1",70,2.859477,no
3D,C,21,C-o0@L1A5,0,L1A5,"L1A5 L1B5 L1C5 L1D4 L1D5",33,1.348039,no
3D,C,22,C-o1@L1A2,1,L1A2,"L1A2 L1A3 L1A4 L1A5 L1B2",33,1.348039,no
3D,C,23,C-o10@L1D2,10,L1D2,"L1D2 L1E2 L1E3 L1E4 L1E5",33,1.348039,no
3D,C,24,C-o11@L1A1,11,L1A1,"L1A1 L1B1 L1C1 L1D1 L1D2",33,1.348039,no
3D,C,25,C-o2@L1D4,2,L1D4,"L1D4 L1E1 L1E2 L1E3 L1E4",33,1.348039,no
3D,C,26,C-o3@L1B1,3,L1B1,"L1B1 L1B2 L1C1 L1D1 L1E1",33,1.348039,no
3D,C,27,C-o8@L1B4,8,L1B4,"L1B4 L1B5 L1C5 L1D5 L1E5",33,1.348039,no
3D,C,28,C-o9@L1A1,9,L1A1,"L1A1 L1A2 L1A3 L1A4 L1B4",33,1.348039,no
3D,C,29,C-o12@L1E5,12,L1E5,"L1E5 L2D4 L3B2 L3C3 L4B2",14,0.571895,no
3D,C,30,C-o13@L1A1,13,L1A1,"L1A1 L2A1 L3A1 L3B2 L4A1",14,0.571895,no
3D,C,31,C-o20@L1A5,20,L1A5,"L1A5 L2A4 L3A3 L3B2 L4A2",14,0.571895,no
3D,C,32,C-o21@L1E1,21,L1E1,"L1E1 L2D1 L3B2 L3C1 L4B1",14,0.571895,no
3D,C,33,C-o16@L1B4,16,L1B4,"L1B4 L2A4 L3A3 L4A2 L5A1",12,0.490196,no
3D,C,34,C-o17@L1D2,17,L1D2,"L1D2 L2D1 L3C1 L4B1 L5A1",12,0.490196,no
3D,C,35,C-o4@L1D4,4,L1D4,"L1D4 L2D4 L3C3 L4B2 L5A1",12,0.490196,no
3D,C,36,C-o5@L1B2,5,L1B2,"L1B2 L2A1 L3A1 L4A1 L5A1",12,0.490196,no
3D,C,37,C-o0@L1B3,0,L1B3,"L1B3 L1C3 L1D3 L1E2 L1E3",8,0.326797,no
3D,C,38,C-o1@L1C1,1,L1C1,"L1C1 L1C2 L1C3 L1C4 L1D1",8,0.326797,no
3D,C,39,C-o10@L1B1,10,L1B1,"L1B1 L1C1 L1C2 L1C3 L1C4",8,0.326797,no
3D,C,40,C-o11@L1B3,11,L1B3,"L1B3 L1C3 L1D3 L1E3 L1E4",8,0.326797,no
3D,C,41,C-o2@L1B5,2,L1B5,"L1B5 L1C2 L1C3 L1C4 L1C5",8,0.326797,no
3D,C,42,C-o3@L1A3,3,L1A3,"L1A3 L1A4 L1B3 L1C3 L1D3",8,0.326797,no
3D,C,43,C-o8@L1A2,8,L1A2,"L1A2 L1A3 L1B3 L1C3 L1D3",8,0.326797,no
3D,C,44,C-o9@L1C2,9,L1C2,"L1C2 L1C3 L1C4 L1C5 L1D5",8,0.326797,no
3D,C,45,C-o0@L1A3,0,L1A3,"L1A3 L1B3 L1C3 L1D2 L1D3",2,0.081699,no
3D,C,46,C-o1@L1C2,1,L1C2,"L1C2 L1C3 L1C4 L1C5 L1D2",2,0.081699,no
3D,C,47,C-o10@L1B2,10,L1B2,"L1B2 L1C2 L1C3 L1C4 L1C5",2,0.081699,no
3D,C,48,C-o11@L1A3,11,L1A3,"L1A3 L1B3 L1C3 L1D3 L1D4",2,0.081699,no
3D,C,49,C-o12@L1D5,12,L1D5,"L1D5 L2C4 L3A2 L3B3 L4A2",2,0.081699,no
3D,C,50,C-o12@L1E4,12,L1E4,"L1E4 L2D3 L3B1 L3C2 L4B1",2,0.081699,no
3D,C,51,C-o13@L1A2,13,L1A2,"L1A2 L2A2 L3A2 L3B3 L4A2",2,0.081699,no
3D,C,52,C-o13@L1B1,13,L1B1,"L1B1 L2B1 L3B1 L3C2 L4B1",2,0.081699,no
3D,C,53,C-o2@L1B4,2,L1B4,"L1B4 L1C1 L1C2 L1C3 L1C4",2,0.081699,no
3D,C,54,C-o20@L1A4,20,L1A4,"L1A4 L2A3 L3A2 L3B1 L4A1",2,0.081699,no
3D,C,55,C-o20@L1B5,20,L1B5,"L1B5 L2B4 L3B3 L3C2 L4B2",2,0.081699,no
3D,C,56,C-o21@L1D1,21,L1D1,"L1D1 L2C1 L3A2 L3B1 L4A1",2,0.081699,no
3D,C,57,C-o21@L1E2,21,L1E2,"L1E2 L2D2 L3B3 L3C2 L4B2",2,0.081699,no
3D,C,58,C-o3@L1B3,3,L1B3,"L1B3 L1B4 L1C3 L1D3 L1E3",2,0.081699,no
3D,C,59,C-o8@L1B2,8,L1B2,"L1B2 L1B3 L1C3 L1D3 L1E3",2,0.081699,no
3D,C,60,C-o9@L1C1,9,L1C1,"L1C1 L1C2 L1C3 L1C4 L1D4",2,0.081699,no
3D,C,61,C-o0@L1A2,0,L1A2,"L1A2 L1B2 L1C2 L1D1 L1D2",0,0.000000,yes
3D,C,62,C-o0@L1A4,0,L1A4,"L1A4 L1B4 L1C4 L1D3 L1D4",0,0.000000,yes
3D,C,63,C-o0@L1B2,0,L1B2,"L1B2 L1C2 L1D2 L1E1 L1E2",0,0.000000,yes
3D,C,64,C-o0@L1B4,0,L1B4,"L1B4 L1C4 L1D4 L1E3 L1E4",0,0.000000,yes
3D,C,65,C-o0@L2A2,0,L2A2,"L2A2 L2B2 L2C2 L2D1 L2D2",0,0.000000,yes
3D,C,66,C-o0@L2A3,0,L2A3,"L2A3 L2B3 L2C3 L2D2 L2D3",0,0.000000,yes
3D,C,67,C-o1@L1B1,1,L1B1,"L1B1 L1B2 L1B3 L1B4 L1C1",0,0.000000,yes
3D,C,68,C-o1@L1B2,1,L1B2,"L1B2 L1B3 L1B4 L1B5 L1C2",0,0.000000,yes
3D,C,69,C-o1@L1D1,1,L1D1,"L1D1 L1D2 L1D3 L1D4 L1E1",0,0.000000,yes
3D,C,70,C-o1@L1D2,1,L1D2,"L1D2 L1D3 L1D4 L1D5 L1E2",0,0.000000,yes
3D,C,71,C-o1@L2B1,1,L2B1,"L2B1 L2B2 L2B3 L2B4 L2C1",0,0.000000,yes
3D,C,72,C-o1@L2C1,1,L2C1,"L2C1 L2C2 L2C3 L2C4 L2D1",0,0.000000,yes
3D,C,73,C-o10@L1A1,10,L1A1,"L1A1 L1B1 L1B2 L1B3 L1B4",0,0.000000,yes
3D,C,74,C-o10@L1A2,10,L1A2,"L1A2 L1B2 L1B3 L1B4 L1B5",0,0.000000,yes
3D,C,75,C-o10@L1C1,10,L1C1,"L1C1 L1D1 L1D2 L1D3 L1D4",0,0.000000,yes
3D,C,76,C-o10@L1C2,10,L1C2,"L1C2 L1D2 L1D3 L1D4 L1D5",0,0.000000,yes
3D,C,77,C-o10@L2A1,10,L2A1,"L2A1 L2B1 L2B2 L2B3 L2B4",0,0.000000,yes
3D,C,78,C-o10@L2B1,10,L2B1,"L2B1 L2C1 L2C2 L2C3 L2C4",0,0.000000,yes
3D,C,79,C-o11@L1A2,11,L1A2,"L1A2 L1B2 L1C2 L1D2 L1D3",0,0.000000,yes
3D,C,80,C-o11@L1A4,11,L1A4,"L1A4 L1B4 L1C4 L1D4 L1D5",0,0.000000,yes
3D,C,81,C-o11@L1B2,11,L1B2,"L1B2 L1C2 L1D2 L1E2 L1E3",0,0.000000,yes
3D,C,82,C-o11@L1B4,11,L1B4,"L1B4 L1C4 L1D4 L1E4 L1E5",0,0.000000,yes
3D,C,83,C-o11@L2A2,11,L2A2,"L2A2 L2B2 L2C2 L2D2 L2D3",0,0.000000,yes
3D,C,84,C-o11@L2A3,11,L2A3,"L2A3 L2B3 L2C3 L2D3 L2D4",0,0.000000,yes
3D,C,85,C-o12@L1D4,12,L1D4,"L1D4 L2C3 L3A1 L3B2 L4A1",0,0.000000,yes
3D,C,86,C-o13@L1B2,13,L1B2,"L1B2 L2B2 L3B2 L3C3 L4B2",0,0.000000,yes
3D,C,87,C-o14@L1B2,14,L1B2,"L1B2 L2A1 L2B2 L3B2 L4B2",0,0.000000,yes
3D,C,88,C-o15@L1D4,15,L1D4,"L1D4 L2C3 L2D4 L3B2 L4A1",0,0.000000,yes
3D,C,89,C-o18@L1D2,18,L1D2,"L1D2 L2C2 L3B2 L4A2 L5A1",0,0.000000,yes
3D,C,90,C-o19@L1B4,19,L1B4,"L1B4 L2B3 L3B2 L4B1 L5A1",0,0.000000,yes
3D,C,91,C-o2@L1A4,2,L1A4,"L1A4 L1B1 L1B2 L1B3 L1B4",0,0.000000,yes
3D,C,92,C-o2@L1A5,2,L1A5,"L1A5 L1B2 L1B3 L1B4 L1B5",0,0.000000,yes
3D,C,93,C-o2@L1C4,2,L1C4,"L1C4 L1D1 L1D2 L1D3 L1D4",0,0.000000,yes
3D,C,94,C-o2@L1C5,2,L1C5,"L1C5 L1D2 L1D3 L1D4 L1D5",0,0.000000,yes
3D,C,95,C-o2@L2A4,2,L2A4,"L2A4 L2B1 L2B2 L2B3 L2B4",0,0.000000,yes
3D,C,96,C-o2@L2B4,2,L2B4,"L2B4 L2C1 L2C2 L2C3 L2C4",0,0.000000,yes
3D,C,97,C-o20@L1B4,20,L1B4,"L1B4 L2B3 L3B2 L3C1 L4B1",0,0.000000,yes
3D,C,98,C-o21@L1D2,21,L1D2,"L1D2 L2C2 L3A3 L3B2 L4A2",0,0.000000,yes
3D,C,99,C-o22@L1D2,22,L1D2,"L1D2 L2C2 L2D1 L3B2 L4A2",0,0.000000,yes
3D,C,100,C-o23@L1B4,23,L1B4,"L1B4 L2A4 L2B3 L3B2 L4B1",0,0.000000,yes
3D,C,101,C-o3@L1A2,3,L1A2,"L1A2 L1A3 L1B2 L1C2 L1D2",0,0.000000,yes
3D,C,102,C-o3@L1A4,3,L1A4,"L1A4 L1A5 L1B4 L1C4 L1D4",0,0.000000,yes
3D,C,103,C-o3@L1B2,3,L1B2,"L1B2 L1B3 L1C2 L1D2 L1E2",0,0.000000,yes
3D,C,104,C-o3@L1B4,3,L1B4,"L1B4 L1B5 L1C4 L1D4 L1E4",0,0.000000,yes
3D,C,105,C-o3@L2A2,3,L2A2,"L2A2 L2A3 L2B2 L2C2 L2D2",0,0.000000,yes
3D,C,106,C-o3@L2A3,3,L2A3,"L2A3 L2A4 L2B3 L2C3 L2D3",0,0.000000,yes
3D,C,107,C-o6@L1B2,6,L1B2,"L1B2 L2B2 L3B2 L4B2 L5A1",0,0.000000,yes
3D,C,108,C-o7@L1D4,7,L1D4,"L1D4 L2C3 L3B2 L4A1 L5A1",0,0.000000,yes
3D,C,109,C-o8@L1A1,8,L1A1,"L1A1 L1A2 L1B2 L1C2 L1D2",0,0.000000,yes
3D,C,110,C-o8@L1A3,8,L1A3,"L1A3 L1A4 L1B4 L1C4 L1D4",0,0.000000,yes
3D,C,111,C-o8@L1B1,8,L1B1,"L1B1 L1B2 L1C2 L1D2 L1E2",0,0.000000,yes
3D,C,112,C-o8@L1B3,8,L1B3,"L1B3 L1B4 L1C4 L1D4 L1E4",0,0.000000,yes
3D,C,113,C-o8@L2A1,8,L2A1,"L2A1 L2A2 L2B2 L2C2 L2D2",0,0.000000,yes
3D,C,114,C-o8@L2A2,8,L2A2,"L2A2 L2A3 L2B3 L2C3 L2D3",0,0.000000,yes
3D,C,115,C-o9@L1B1,9,L1B1,"L1B1 L1B2 L1B3 L1B4 L1C4",0,0.000000,yes
3D,C,116,C-o9@L1B2,9,L1B2,"L1B2 L1B3 L1B4 L1B5 L1C5",0,0.000000,yes
3D,C,117,C-o9@L1D1,9,L1D1,"L1D1 L1D2 L1D3 L1D4 L1E4",0,0.000000,yes
3D,C,118,C-o9@L1D2,9,L1D2,"L1D2 L1D3 L1D4 L1D5 L1E5",0,0.000000,yes
3D,C,119,C-o9@L2B1,9,L2B1,"L2B1 L2B2 L2B3 L2B4 L2C4",0,0.000000,yes
3D,C,120,C-o9@L2C1,9,L2C1,"L2C1 L2C2 L2C3 L2C4 L2D4",0,0.000000,yes
3D,D,1,D-o12@L1E5,12,L1E5,"L1E5 L2C3 L2D4 L3C3 L4B2",102,4.166667,no
3D,D,2,D-o13@L1A1,13,L1A1,"L1A1 L2A1 L2B2 L3A1 L4A1",102,4.166667,no
3D,D,3,D-o20@L1A5,20,L1A5,"L1A5 L2A4 L2B3 L3A3 L4A2",102,4.166667,no
3D,D,4,D-o21@L1E1,21,L1E1,"L1E1 L2C2 L2D1 L3C1 L4B1",102,4.166667,no
3D,D,5,D-o0@L1B5,0,L1B5,"L1B5 L1C5 L1D4 L1D5 L1E5",90,3.676471,no
3D,D,6,D-o1@L1A1,1,L1A1,"L1A1 L1A2 L1A3 L1A4 L1B2",90,3.676471,no
3D,D,7,D-o10@L1D2,10,L1D2,"L1D2 L1E1 L1E2 L1E3 L1E4",90,3.676471,no
3D,D,8,D-o11@L1B1,11,L1B1,"L1B1 L1C1 L1D1 L1D2 L1E1",90,3.676471,no
3D,D,9,D-o2@L1D4,2,L1D4,"L1D4 L1E2 L1E3 L1E4 L1E5",90,3.676471,no
3D,D,10,D-o3@L1A1,3,L1A1,"L1A1 L1B1 L1B2 L1C1 L1D1",90,3.676471,no
3D,D,11,D-o8@L1A5,8,L1A5,"L1A5 L1B4 L1B5 L1C5 L1D5",90,3.676471,no
3D,D,12,D-o9@L1A2,9,L1A2,"L1A2 L1A3 L1A4 L1A5 L1B4",90,3.676471,no
3D,D,13,D-o0@L1A5,0,L1A5,"L1A5 L1B5 L1C4 L1C5 L1D5",82,3.349673,no
3D,D,14,D-o1@L1A2,1,L1A2,"L1A2 L1A3 L1A4 L1A5 L1B3",82,3.349673,no
3D,D,15,D-o10@L1D3,10,L1D3,"L1D3 L1E2 L1E3 L1E4 L1E5",82,3.349673,no
3D,D,16,D-o11@L1A1,11,L1A1,"L1A1 L1B1 L1C1 L1C2 L1D1",82,3.349673,no
3D,D,17,D-o2@L1D3,2,L1D3,"L1D3 L1E1 L1E2 L1E3 L1E4",82,3.349673,no
3D,D,18,D-o3@L1B1,3,L1B1,"L1B1 L1C1 L1C2 L1D1 L1E1",82,3.349673,no
3D,D,19,D-o8@L1B5,8,L1B5,"L1B5 L1C4 L1C5 L1D5 L1E5",82,3.349673,no
3D,D,20,D-o9@L1A1,9,L1A1,"L1A1 L1A2 L1A3 L1A4 L1B3",82,3.349673,no
3D,D,21,D-o16@L1A5,16,L1A5,"L1A5 L1B4 L2A4 L3A3 L4A2",74,3.022876,no
3D,D,22,D-o17@L1D2,17,L1D2,"L1D2 L1E1 L2D1 L3C1 L4B1",74,3.022876,no
3D,D,23,D-o4@L1D4,4,L1D4,"L1D4 L1E5 L2D4 L3C3 L4B2",74,3.022876,no
3D,D,24,D-o5@L1A1,5,L1A1,"L1A1 L1B2 L2A1 L3A1 L4A1",74,3.022876,no
3D,D,25,D-o0@L1A4,0,L1A4,"L1A4 L1B4 L1C3 L1C4 L1D4",20,0.816993,no
3D,D,26,D-o1@L1B2,1,L1B2,"L1B2 L1B3 L1B4 L1B5 L1C3",20,0.816993,no
3D,D,27,D-o10@L1C3,10,L1C3,"L1C3 L1D2 L1D3 L1D4 L1D5",20,0.816993,no
3D,D,28,D-o11@L1A2,11,L1A2,"L1A2 L1B2 L1C2 L1C3 L1D2",20,0.816993,no
3D,D,29,D-o16@L2A4,16,L2A4,"L2A4 L2B3 L3A3 L4A2 L5A1",20,0.816993,no
3D,D,30,D-o17@L2C2,17,L2C2,"L2C2 L2D1 L3C1 L4B1 L5A1",20,0.816993,no
3D,D,31,D-o2@L1C3,2,L1C3,"L1C3 L1D1 L1D2 L1D3 L1D4",20,0.816993,no
3D,D,32,D-o3@L1B2,3,L1B2,"L1B2 L1C2 L1C3 L1D2 L1E2",20,0.816993,no
3D,D,33,D-o4@L2C3,4,L2C3,"L2C3 L2D4 L3C3 L4B2 L5A1",20,0.816993,no
3D,D,34,D-o5@L2A1,5,L2A1,"L2A1 L2B2 L3A1 L4A1 L5A1",20,0.816993,no
3D,D,35,D-o8@L1B4,8,L1B4,"L1B4 L1C3 L1C4 L1D4 L1E4",20,0.816993,no
3D,D,36,D-o9@L1B1,9,L1B1,"L1B1 L1B2 L1B3 L1B4 L1C3",20,0.816993,no
3D,D,37,D-o0@L2A4,0,L2A4,"L2A4 L2B4 L2C3 L2C4 L2D4",9,0.367647,no
3D,D,38,D-o1@L2A1,1,L2A1,"L2A1 L2A2 L2A3 L2A4 L2B2",9,0.367647,no
3D,D,39,D-o10@L2C2,10,L2C2,"L2C2 L2D1 L2D2 L2D3 L2D4",9,0.367647,no
3D,D,40,D-o11@L2A1,11,L2A1,"L2A1 L2B1 L2C1 L2C2 L2D1",9,0.367647,no
3D,D,41,D-o2@L2C3,2,L2C3,"L2C3 L2D1 L2D2 L2D3 L2D4",9,0.367647,no
3D,D,42,D-o3@L2A1,3,L2A1,"L2A1 L2B1 L2B2 L2C1 L2D1",9,0.367647,no
3D,D,43,D-o8@L2A4,8,L2A4,"L2A4 L2B3 L2B4 L2C4 L2D4",9,0.367647,no
3D,D,44,D-o9@L2A1,9,L2A1,"L2A1 L2A2 L2A3 L2A4 L2B3",9,0.367647,no
3D,D,45,D-o0@L1A3,0,L1A3,"L1A3 L1B3 L1C2 L1C3 L1D3",2,0.081699,no
3D,D,46,D-o0@L1B3,0,L1B3,"L1B3 L1C3 L1D2 L1D3 L1E3",2,0.081699,no
3D,D,47,D-o0@L1B4,0,L1B4,"L1B4 L1C4 L1D3 L1D4 L1E4",2,0.081699,no
3D,D,48,D-o1@L1B1,1,L1B1,"L1B1 L1B2 L1B3 L1B4 L1C2",2,0.081699,no
3D,D,49,D-o1@L1C1,1,L1C1,"L1C1 L1C2 L1C3 L1C4 L1D2",2,0.081699,no
3D,D,50,D-o1@L1C2,1,L1C2,"L1C2 L1C3 L1C4 L1C5 L1D3",2,0.081699,no
3D,D,51,D-o10@L1B2,10,L1B2,"L1B2 L1C1 L1C2 L1C3 L1C4",2,0.081699,no
3D,D,52,D-o10@L1B3,10,L1B3,"L1B3 L1C2 L1C3 L1C4 L1C5",2,0.081699,no
3D,D,53,D-o10@L1C2,10,L1C2,"L1C2 L1D1 L1D2 L1D3 L1D4",2,0.081699,no
3D,D,54,D-o11@L1A3,11,L1A3,"L1A3 L1B3 L1C3 L1C4 L1D3",2,0.081699,no
3D,D,55,D-o11@L1B2,11,L1B2,"L1B2 L1C2 L1D2 L1D3 L1E2",2,0.081699,no
3D,D,56,D-o11@L1B3,11,L1B3,"L1B3 L1C3 L1D3 L1D4 L1E3",2,0.081699,no
3D,D,57,D-o2@L1B3,2,L1B3,"L1B3 L1C1 L1C2 L1C3 L1C4",2,0.081699,no
3D,D,58,D-o2@L1B4,2,L1B4,"L1B4 L1C2 L1C3 L1C4 L1C5",2,0.081699,no
3D,D,59,D-o2@L1C4,2,L1C4,"L1C4 L1D2 L1D3 L1D4 L1D5",2,0.081699,no
3D,D,60,D-o3@L1A2,3,L1A2,"L1A2 L1B2 L1B3 L1C2 L1D2",2,0.081699,no
3D,D,61,D-o3@L1A3,3,L1A3,"L1A3 L1B3 L1B4 L1C3 L1D3",2,0.081699,no
3D,D,62,D-o3@L1B3,3,L1B3,"L1B3 L1C3 L1C4 L1D3 L1E3",2,0.081699,no
3D,D,63,D-o8@L1A3,8,L1A3,"L1A3 L1B2 L1B3 L1C3 L1D3",2,0.081699,no
3D,D,64,D-o8@L1A4,8,L1A4,"L1A4 L1B3 L1B4 L1C4 L1D4",2,0.081699,no
3D,D,65,D-o8@L1B3,8,L1B3,"L1B3 L1C2 L1C3 L1D3 L1E3",2,0.081699,no
3D,D,66,D-o9@L1B2,9,L1B2,"L1B2 L1B3 L1B4 L1B5 L1C4",2,0.081699,no
3D,D,67,D-o9@L1C1,9,L1C1,"L1C1 L1C2 L1C3 L1C4 L1D3",2,0.081699,no
3D,D,68,D-o9@L1C2,9,L1C2,"L1C2 L1C3 L1C4 L1C5 L1D4",2,0.081699,no
3D,D,69,D-o0@L1B2,0,L1B2,"L1B2 L1C2 L1D1 L1D2 L1E2",1,0.040850,no
3D,D,70,D-o1@L1D1,1,L1D1,"L1D1 L1D2 L1D3 L1D4 L1E2",1,0.040850,no
3D,D,71,D-o10@L1A2,10,L1A2,"L1A2 L1B1 L1B2 L1B3 L1B4",1,0.040850,no
3D,D,72,D-o11@L1B4,11,L1B4,"L1B4 L1C4 L1D4 L1D5 L1E4",1,0.040850,no
3D,D,73,D-o2@L1A4,2,L1A4,"L1A4 L1B2 L1B3 L1B4 L1B5",1,0.040850,no
3D,D,74,D-o3@L1A4,3,L1A4,"L1A4 L1B4 L1B5 L1C4 L1D4",1,0.040850,no
3D,D,75,D-o8@L1A2,8,L1A2,"L1A2 L1B1 L1B2 L1C2 L1D2",1,0.040850,no
3D,D,76,D-o9@L1D2,9,L1D2,"L1D2 L1D3 L1D4 L1D5 L1E4",1,0.040850,no
3D,D,77,D-o0@L1A2,0,L1A2,"L1A2 L1B2 L1C1 L1C2 L1D2",0,0.000000,yes
3D,D,78,D-o0@L2A2,0,L2A2,"L2A2 L2B2 L2C1 L2C2 L2D2",0,0.000000,yes
3D,D,79,D-o0@L2A3,0,L2A3,"L2A3 L2B3 L2C2 L2C3 L2D3",0,0.000000,yes
3D,D,80,D-o1@L1D2,1,L1D2,"L1D2 L1D3 L1D4 L1D5 L1E3",0,0.000000,yes
3D,D,81,D-o1@L2B1,1,L2B1,"L2B1 L2B2 L2B3 L2B4 L2C2",0,0.000000,yes
3D,D,82,D-o1@L2C1,1,L2C1,"L2C1 L2C2 L2C3 L2C4 L2D2",0,0.000000,yes
3D,D,83,D-o10@L1A3,10,L1A3,"L1A3 L1B2 L1B3 L1B4 L1B5",0,0.000000,yes
3D,D,84,D-o10@L2A2,10,L2A2,"L2A2 L2B1 L2B2 L2B3 L2B4",0,0.000000,yes
3D,D,85,D-o10@L2B2,10,L2B2,"L2B2 L2C1 L2C2 L2C3 L2C4",0,0.000000,yes
3D,D,86,D-o11@L1A4,11,L1A4,"L1A4 L1B4 L1C4 L1C5 L1D4",0,0.000000,yes
3D,D,87,D-o11@L2A2,11,L2A2,"L2A2 L2B2 L2C2 L2C3 L2D2",0,0.000000,yes
3D,D,88,D-o11@L2A3,11,L2A3,"L2A3 L2B3 L2C3 L2C4 L2D3",0,0.000000,yes
3D,D,89,D-o12@L1D4,12,L1D4,"L1D4 L2B2 L2C3 L3B2 L4A1",0,0.000000,yes
3D,D,90,D-o12@L1D5,12,L1D5,"L1D5 L2B3 L2C4 L3B3 L4A2",0,0.000000,yes
3D,D,91,D-o12@L1E4,12,L1E4,"L1E4 L2C2 L2D3 L3C2 L4B1",0,0.000000,yes
3D,D,92,D-o12@L2D4,12,L2D4,"L2D4 L3B2 L3C3 L4B2 L5A1",0,0.000000,yes
3D,D,93,D-o13@L1A2,13,L1A2,"L1A2 L2A2 L2B3 L3A2 L4A2",0,0.000000,yes
3D,D,94,D-o13@L1B1,13,L1B1,"L1B1 L2B1 L2C2 L3B1 L4B1",0,0.000000,yes
3D,D,95,D-o13@L1B2,13,L1B2,"L1B2 L2B2 L2C3 L3B2 L4B2",0,0.000000,yes
3D,D,96,D-o13@L2A1,13,L2A1,"L2A1 L3A1 L3B2 L4A1 L5A1",0,0.000000,yes
3D,D,97,D-o14@L1B2,14,L1B2,"L1B2 L2B2 L3A1 L3B2 L4B2",0,0.000000,yes
3D,D,98,D-o15@L1D4,15,L1D4,"L1D4 L2C3 L3B2 L3C3 L4A1",0,0.000000,yes
3D,D,99,D-o16@L1A4,16,L1A4,"L1A4 L1B3 L2A3 L3A2 L4A1",0,0.000000,yes
3D,D,100,D-o16@L1B4,16,L1B4,"L1B4 L1C3 L2B3 L3B2 L4B1",0,0.000000,yes
3D,D,101,D-o16@L1B5,16,L1B5,"L1B5 L1C4 L2B4 L3B3 L4B2",0,0.000000,yes
3D,D,102,D-o17@L1C2,17,L1C2,"L1C2 L1D1 L2C1 L3B1 L4A1",0,0.000000,yes
3D,D,103,D-o17@L1C3,17,L1C3,"L1C3 L1D2 L2C2 L3B2 L4A2",0,0.000000,yes
3D,D,104,D-o17@L1D3,17,L1D3,"L1D3 L1E2 L2D2 L3C2 L4B2",0,0.000000,yes
3D,D,105,D-o18@L1D2,18,L1D2,"L1D2 L2C2 L3B2 L4A2 L4B1",0,0.000000,yes
3D,D,106,D-o19@L1B4,19,L1B4,"L1B4 L2B3 L3B2 L4A2 L4B1",0,0.000000,yes
3D,D,107,D-o2@L1A3,2,L1A3,"L1A3 L1B1 L1B2 L1B3 L1B4",0,0.000000,yes
3D,D,108,D-o2@L2A3,2,L2A3,"L2A3 L2B1 L2B2 L2B3 L2B4",0,0.000000,yes
3D,D,109,D-o2@L2B3,2,L2B3,"L2B3 L2C1 L2C2 L2C3 L2C4",0,0.000000,yes
3D,D,110,D-o20@L1A4,20,L1A4,"L1A4 L2A3 L2B2 L3A2 L4A1",0,0.000000,yes
3D,D,111,D-o20@L1B4,20,L1B4,"L1B4 L2B3 L2C2 L3B2 L4B1",0,0.000000,yes
3D,D,112,D-o20@L1B5,20,L1B5,"L1B5 L2B4 L2C3 L3B3 L4B2",0,0.000000,yes
3D,D,113,D-o20@L2A4,20,L2A4,"L2A4 L3A3 L3B2 L4A2 L5A1",0,0.000000,yes
3D,D,114,D-o21@L1D1,21,L1D1,"L1D1 L2B2 L2C1 L3B1 L4A1",0,0.000000,yes
3D,D,115,D-o21@L1D2,21,L1D2,"L1D2 L2B3 L2C2 L3B2 L4A2",0,0.000000,yes
3D,D,116,D-o21@L1E2,21,L1E2,"L1E2 L2C3 L2D2 L3C2 L4B2",0,0.000000,yes
3D,D,117,D-o21@L2D1,21,L2D1,"L2D1 L3B2 L3C1 L4B1 L5A1",0,0.000000,yes
3D,D,118,D-o22@L1D2,22,L1D2,"L1D2 L2C2 L3B2 L3C1 L4A2",0,0.000000,yes
3D,D,119,D-o23@L1B4,23,L1B4,"L1B4 L2B3 L3A3 L3B2 L4B1",0,0.000000,yes
3D,D,120,D-o3@L1B4,3,L1B4,"L1B4 L1C4 L1C5 L1D4 L1E4",0,0.000000,yes
3D,D,121,D-o3@L2A2,3,L2A2,"L2A2 L2B2 L2B3 L2C2 L2D2",0,0.000000,yes
3D,D,122,D-o3@L2A3,3,L2A3,"L2A3 L2B3 L2B4 L2C3 L2D3",0,0.000000,yes
3D,D,123,D-o4@L1C3,4,L1C3,"L1C3 L1D4 L2C3 L3B2 L4A1",0,0.000000,yes
3D,D,124,D-o4@L1C4,4,L1C4,"L1C4 L1D5 L2C4 L3B3 L4A2",0,0.000000,yes
3D,D,125,D-o4@L1D3,4,L1D3,"L1D3 L1E4 L2D3 L3C2 L4B1",0,0.000000,yes
3D,D,126,D-o5@L1A2,5,L1A2,"L1A2 L1B3 L2A2 L3A2 L4A2",0,0.000000,yes
3D,D,127,D-o5@L1B1,5,L1B1,"L1B1 L1C2 L2B1 L3B1 L4B1",0,0.000000,yes
3D,D,128,D-o5@L1B2,5,L1B2,"L1B2 L1C3 L2B2 L3B2 L4B2",0,0.000000,yes
3D,D,129,D-o6@L1B2,6,L1B2,"L1B2 L2B2 L3B2 L4A1 L4B2",0,0.000000,yes
3D,D,130,D-o7@L1D4,7,L1D4,"L1D4 L2C3 L3B2 L4A1 L4B2",0,0.000000,yes
3D,D,131,D-o8@L1B2,8,L1B2,"L1B2 L1C1 L1C2 L1D2 L1E2",0,0.000000,yes
3D,D,132,D-o8@L2A2,8,L2A2,"L2A2 L2B1 L2B2 L2C2 L2D2",0,0.000000,yes
3D,D,133,D-o8@L2A3,8,L2A3,"L2A3 L2B2 L2B3 L2C3 L2D3",0,0.000000,yes
3D,D,134,D-o9@L1D1,9,L1D1,"L1D1 L1D2 L1D3 L1D4 L1E3",0,0.000000,yes
3D,D,135,D-o9@L2B1,9,L2B1,"L2B1 L2B2 L2B3 L2B4 L2C3",0,0.000000,yes
3D,D,136,D-o9@L2C1,9,L2C1,"L2C1 L2C2 L2C3 L2C4 L2D3",0,0.000000,yes
3D,E,1,E-o0@L2A4,0,L2A4,"L2A4 L2B4 L2C3 L2C4 L2D3",80,3.267974,no
3D,E,2,E-o1@L2A2,1,L2A2,"L2A2 L2A3 L2A4 L2B1 L2B2",80,3.267974,no
3D,E,3,E-o10@L2C1,10,L2C1,"L2C1 L2C2 L2D2 L2D3 L2D4",80,3.267974,no
3D,E,4,E-o11@L2A1,11,L2A1,"L2A1 L2B1 L2C1 L2C2 L2D2",80,3.267974,no
3D,E,5,E-o2@L2C3,2,L2C3,"L2C3 L2C4 L2D1 L2D2 L2D3",80,3.267974,no
3D,E,6,E-o3@L2A2,3,L2A2,"L2A2 L2B1 L2B2 L2C1 L2D1",80,3.267974,no
3D,E,7,E-o8@L2A3,8,L2A3,"L2A3 L2B3 L2B4 L2C4 L2D4",80,3.267974,no
3D,E,8,E-o9@L2A1,9,L2A1,"L2A1 L2A2 L2A3 L2B3 L2B4",80,3.267974,no
3D,E,9,E-o12@L1D5,12,L1D5,"L1D5 L2B3 L2C4 L3A2 L3B3",77,3.145425,no
3D,E,10,E-o12@L1E4,12,L1E4,"L1E4 L2C2 L2D3 L3B1 L3C2",77,3.145425,no
3D,E,11,E-o13@L1A2,13,L1A2,"L1A2 L2A2 L2B3 L3A2 L3B3",77,3.145425,no
3D,E,12,E-o13@L1B1,13,L1B1,"L1B1 L2B1 L2C2 L3B1 L3C2",77,3.145425,no
3D,E,13,E-o20@L1A4,20,L1A4,"L1A4 L2A3 L2B2 L3A2 L3B1",77,3.145425,no
3D,E,14,E-o20@L1B5,20,L1B5,"L1B5 L2B4 L2C3 L3B3 L3C2",77,3.145425,no
3D,E,15,E-o21@L1D1,21,L1D1,"L1D1 L2B2 L2C1 L3A2 L3B1",77,3.145425,no
3D,E,16,E-o21@L1E2,21,L1E2,"L1E2 L2C3 L2D2 L3B3 L3C2",77,3.145425,no
3D,E,17,E-o0@L1B2,0,L1B2,"L1B2 L1C2 L1D1 L1D2 L1E1",59,2.410131,no
3D,E,18,E-o1@L1D2,1,L1D2,"L1D2 L1D3 L1D4 L1E1 L1E2",59,2.410131,no
3D,E,19,E-o10@L1A1,10,L1A1,"L1A1 L1A2 L1B2 L1B3 L1B4",59,2.410131,no
3D,E,20,E-o11@L1B4,11,L1B4,"L1B4 L1C4 L1D4 L1D5 L1E5",59,2.410131,no
3D,E,21,E-o2@L1A4,2,L1A4,"L1A4 L1A5 L1B2 L1B3 L1B4",59,2.410131,no
3D,E,22,E-o3@L1A5,3,L1A5,"L1A5 L1B4 L1B5 L1C4 L1D4",59,2.410131,no
3D,E,23,E-o8@L1A1,8,L1A1,"L1A1 L1B1 L1B2 L1C2 L1D2",59,2.410131,no
3D,E,24,E-o9@L1D2,9,L1D2,"L1D2 L1D3 L1D4 L1E4 L1E5",59,2.410131,no
3D,E,25,E-o16@L1B4,16,L1B4,"L1B4 L2B3 L3A3 L4A2 L5A1",56,2.287582,no
3D,E,26,E-o17@L1D2,17,L1D2,"L1D2 L2C2 L3C1 L4B1 L5A1",56,2.287582,no
3D,E,27,E-o4@L1D4,4,L1D4,"L1D4 L2C3 L3C3 L4B2 L5A1",56,2.287582,no
3D,E,28,E-o5@L1B2,5,L1B2,"L1B2 L2B2 L3A1 L4A1 L5A1",56,2.287582,no
3D,E,29,E-o0@L1B5,0,L1B5,"L1B5 L1C5 L1D4 L1D5 L1E4",26,1.062092,no
3D,E,30,E-o1@L1A2,1,L1A2,"L1A2 L1A3 L1A4 L1B1 L1B2",26,1.062092,no
3D,E,31,E-o10@L1D1,10,L1D1,"L1D1 L1D2 L1E2 L1E3 L1E4",26,1.062092,no
3D,E,32,E-o11@L1B1,11,L1B1,"L1B1 L1C1 L1D1 L1D2 L1E2",26,1.062092,no
3D,E,33,E-o2@L1D4,2,L1D4,"L1D4 L1D5 L1E2 L1E3 L1E4",26,1.062092,no
3D,E,34,E-o3@L1A2,3,L1A2,"L1A2 L1B1 L1B2 L1C1 L1D1",26,1.062092,no
3D,E,35,E-o8@L1A4,8,L1A4,"L1A4 L1B4 L1B5 L1C5 L1D5",26,1.062092,no
3D,E,36,E-o9@L1A2,9,L1A2,"L1A2 L1A3 L1A4 L1B4 L1B5",26,1.062092,no
3D,E,37,E-o12@L2D4,12,L2D4,"L2D4 L3B2 L3C3 L4A1 L4B2",20,0.816993,no
3D,E,38,E-o13@L2A1,13,L2A1,"L2A1 L3A1 L3B2 L4A1 L4B2",20,0.816993,no
3D,E,39,E-o20@L2A4,20,L2A4,"L2A4 L3A3 L3B2 L4A2 L4B1",20,0.816993,no
3D,E,40,E-o21@L2D1,21,L2D1,"L2D1 L3B2 L3C1 L4A2 L4B1",20,0.816993,no
3D,E,41,E-o0@L1A5,0,L1A5,"L1A5 L1B5 L1C4 L1C5 L1D4",17,0.694444,no
3D,E,42,E-o1@L1A3,1,L1A3,"L1A3 L1A4 L1A5 L1B2 L1B3",17,0.694444,no
3D,E,43,E-o10@L1D2,10,L1D2,"L1D2 L1D3 L1E3 L1E4 L1E5",17,0.694444,no
3D,E,44,E-o11@L1A1,11,L1A1,"L1A1 L1B1 L1C1 L1C2 L1D2",17,0.694444,no
3D,E,45,E-o2@L1D3,2,L1D3,"L1D3 L1D4 L1E1 L1E2 L1E3",17,0.694444,no
3D,E,46,E-o3@L1B2,3,L1B2,"L1B2 L1C1 L1C2 L1D1 L1E1",17,0.694444,no
3D,E,47,E-o8@L1B4,8,L1B4,"L1B4 L1C4 L1C5 L1D5 L1E5",17,0.694444,no
3D,E,48,E-o9@L1A1,9,L1A1,"L1A1 L1A2 L1A3 L1B3 L1B4",17,0.694444,no
3D,E,49,E-o0@L1B4,0,L1B4,"L1B4 L1C4 L1D3 L1D4 L1E3",6,0.245098,no
3D,E,50,E-o1@L1B2,1,L1B2,"L1B2 L1B3 L1B4 L1C1 L1C2",6,0.245098,no
3D,E,51,E-o10@L1C1,10,L1C1,"L1C1 L1C2 L1D2 L1D3 L1D4",6,0.245098,no
3D,E,52,E-o11@L1B2,11,L1B2,"L1B2 L1C2 L1D2 L1D3 L1E3",6,0.245098,no
3D,E,53,E-o2@L1C4,2,L1C4,"L1C4 L1C5 L1D2 L1D3 L1D4",6,0.245098,no
3D,E,54,E-o3@L1A3,3,L1A3,"L1A3 L1B2 L1B3 L1C2 L1D2",6,0.245098,no
3D,E,55,E-o8@L1A3,8,L1A3,"L1A3 L1B3 L1B4 L1C4 L1D4",6,0.245098,no
3D,E,56,E-o9@L1B2,9,L1B2,"L1B2 L1B3 L1B4 L1C4 L1C5",6,0.245098,no
3D,E,57,E-o0@L1A4,0,L1A4,"L1A4 L1B4 L1C3 L1C4 L1D3",2,0.081699,no
3D,E,58,E-o1@L1B3,1,L1B3,"L1B3 L1B4 L1B5 L1C2 L1C3",2,0.081699,no
3D,E,59,E-o10@L1C2,10,L1C2,"L1C2 L1C3 L1D3 L1D4 L1D5",2,0.081699,no
3D,E,60,E-o11@L1A2,11,L1A2,"L1A2 L1B2 L1C2 L1C3 L1D3",2,0.081699,no
3D,E,61,E-o2@L1C3,2,L1C3,"L1C3 L1C4 L1D1 L1D2 L1D3",2,0.081699,no
3D,E,62,E-o3@L1B3,3,L1B3,"L1B3 L1C2 L1C3 L1D2 L1E2",2,0.081699,no
3D,E,63,E-o8@L1B3,8,L1B3,"L1B3 L1C3 L1C4 L1D4 L1E4",2,0.081699,no
3D,E,64,E-o9@L1B1,9,L1B1,"L1B1 L1B2 L1B3 L1C3 L1C4",2,0.081699,no
3D,E,65,E-o14@L1A2,14,L1A2,"L1A2 L1B3 L2A2 L2B3 L3B3",1,0.040850,no
3D,E,66,E-o14@L1B1,14,L1B1,"L1B1 L1C2 L2B1 L2C2 L3C2",1,0.040850,no
3D,E,67,E-o15@L1C4,15,L1C4,"L1C4 L1D5 L2B3 L2C4 L3A2",1,0.040850,no
3D,E,68,E-o15@L1D3,15,L1D3,"L1D3 L1E4 L2C2 L2D3 L3B1",1,0.040850,no
3D,E,69,E-o22@L1C2,22,L1C2,"L1C2 L1D1 L2B2 L2C1 L3A2",1,0.040850,no
3D,E,70,E-o22@L1D3,22,L1D3,"L1D3 L1E2 L2C3 L2D2 L3B3",1,0.040850,no
3D,E,71,E-o23@L1A4,23,L1A4,"L1A4 L1B3 L2A3 L2B2 L3B1",1,0.040850,no
3D,E,72,E-o23@L1B5,23,L1B5,"L1B5 L1C4 L2B4 L2C3 L3C2",1,0.040850,no
3D,E,73,E-o0@L1A2,0,L1A2,"L1A2 L1B2 L1C1 L1C2 L1D1",0,0.000000,yes
3D,E,74,E-o0@L1A3,0,L1A3,"L1A3 L1B3 L1C2 L1C3 L1D2",0,0.000000,yes
3D,E,75,E-o0@L1B3,0,L1B3,"L1B3 L1C3 L1D2 L1D3 L1E2",0,0.000000,yes
3D,E,76,E-o0@L2A2,0,L2A2,"L2A2 L2B2 L2C1 L2C2 L2D1",0,0.000000,yes
3D,E,77,E-o0@L2A3,0,L2A3,"L2A3 L2B3 L2C2 L2C3 L2D2",0,0.000000,yes
3D,E,78,E-o1@L1C2,1,L1C2,"L1C2 L1C3 L1C4 L1D1 L1D2",0,0.000000,yes
3D,E,79,E-o1@L1C3,1,L1C3,"L1C3 L1C4 L1C5 L1D2 L1D3",0,0.000000,yes
3D,E,80,E-o1@L1D3,1,L1D3,"L1D3 L1D4 L1D5 L1E2 L1E3",0,0.000000,yes
3D,E,81,E-o1@L2B2,1,L2B2,"L2B2 L2B3 L2B4 L2C1 L2C2",0,0.000000,yes
3D,E,82,E-o1@L2C2,1,L2C2,"L2C2 L2C3 L2C4 L2D1 L2D2",0,0.000000,yes
3D,E,83,E-o10@L1A2,10,L1A2,"L1A2 L1A3 L1B3 L1B4 L1B5",0,0.000000,yes
3D,E,84,E-o10@L1B1,10,L1B1,"L1B1 L1B2 L1C2 L1C3 L1C4",0,0.000000,yes
3D,E,85,E-o10@L1B2,10,L1B2,"L1B2 L1B3 L1C3 L1C4 L1C5",0,0.000000,yes
3D,E,86,E-o10@L2A1,10,L2A1,"L2A1 L2A2 L2B2 L2B3 L2B4",0,0.000000,yes
3D,E,87,E-o10@L2B1,10,L2B1,"L2B1 L2B2 L2C2 L2C3 L2C4",0,0.000000,yes
3D,E,88,E-o11@L1A3,11,L1A3,"L1A3 L1B3 L1C3 L1C4 L1D4",0,0.000000,yes
3D,E,89,E-o11@L1A4,11,L1A4,"L1A4 L1B4 L1C4 L1C5 L1D5",0,0.000000,yes
3D,E,90,E-o11@L1B3,11,L1B3,"L1B3 L1C3 L1D3 L1D4 L1E4",0,0.000000,yes
3D,E,91,E-o11@L2A2,11,L2A2,"L2A2 L2B2 L2C2 L2C3 L2D3",0,0.000000,yes
3D,E,92,E-o11@L2A3,11,L2A3,"L2A3 L2B3 L2C3 L2C4 L2D4",0,0.000000,yes
3D,E,93,E-o12@L1D4,12,L1D4,"L1D4 L2B2 L2C3 L3A1 L3B2",0,0.000000,yes
3D,E,94,E-o12@L1E5,12,L1E5,"L1E5 L2C3 L2D4 L3B2 L3C3",0,0.000000,yes
3D,E,95,E-o13@L1A1,13,L1A1,"L1A1 L2A1 L2B2 L3A1 L3B2",0,0.000000,yes
3D,E,96,E-o13@L1B2,13,L1B2,"L1B2 L2B2 L2C3 L3B2 L3C3",0,0.000000,yes
3D,E,97,E-o14@L1A1,14,L1A1,"L1A1 L1B2 L2A1 L2B2 L3B2",0,0.000000,yes
3D,E,98,E-o14@L1B2,14,L1B2,"L1B2 L1C3 L2B2 L2C3 L3C3",0,0.000000,yes
3D,E,99,E-o14@L2A1,14,L2A1,"L2A1 L2B2 L3A1 L3B2 L4B2",0,0.000000,yes
3D,E,100,E-o15@L1C3,15,L1C3,"L1C3 L1D4 L2B2 L2C3 L3A1",0,0.000000,yes
3D,E,101,E-o15@L1D4,15,L1D4,"L1D4 L1E5 L2C3 L2D4 L3B2",0,0.000000,yes
3D,E,102,E-o15@L2C3,15,L2C3,"L2C3 L2D4 L3B2 L3C3 L4A1",0,0.000000,yes
3D,E,103,E-o18@L1D2,18,L1D2,"L1D2 L2C2 L3B2 L4B1 L5A1",0,0.000000,yes
3D,E,104,E-o19@L1B4,19,L1B4,"L1B4 L2B3 L3B2 L4A2 L5A1",0,0.000000,yes
3D,E,105,E-o2@L1A3,2,L1A3,"L1A3 L1A4 L1B1 L1B2 L1B3",0,0.000000,yes
3D,E,106,E-o2@L1B3,2,L1B3,"L1B3 L1B4 L1C1 L1C2 L1C3",0,0.000000,yes
3D,E,107,E-o2@L1B4,2,L1B4,"L1B4 L1B5 L1C2 L1C3 L1C4",0,0.000000,yes
3D,E,108,E-o2@L2A3,2,L2A3,"L2A3 L2A4 L2B1 L2B2 L2B3",0,0.000000,yes
3D,E,109,E-o2@L2B3,2,L2B3,"L2B3 L2B4 L2C1 L2C2 L2C3",0,0.000000,yes
3D,E,110,E-o20@L1A5,20,L1A5,"L1A5 L2A4 L2B3 L3A3 L3B2",0,0.000000,yes
3D,E,111,E-o20@L1B4,20,L1B4,"L1B4 L2B3 L2C2 L3B2 L3C1",0,0.000000,yes
3D,E,112,E-o21@L1D2,21,L1D2,"L1D2 L2B3 L2C2 L3A3 L3B2",0,0.000000,yes
3D,E,113,E-o21@L1E1,21,L1E1,"L1E1 L2C2 L2D1 L3B2 L3C1",0,0.000000,yes
3D,E,114,E-o22@L1C3,22,L1C3,"L1C3 L1D2 L2B3 L2C2 L3A3",0,0.000000,yes
3D,E,115,E-o22@L1D2,22,L1D2,"L1D2 L1E1 L2C2 L2D1 L3B2",0,0.000000,yes
3D,E,116,E-o22@L2C2,22,L2C2,"L2C2 L2D1 L3B2 L3C1 L4A2",0,0.000000,yes
3D,E,117,E-o23@L1A5,23,L1A5,"L1A5 L1B4 L2A4 L2B3 L3B2",0,0.000000,yes
3D,E,118,E-o23@L1B4,23,L1B4,"L1B4 L1C3 L2B3 L2C2 L3C1",0,0.000000,yes
3D,E,119,E-o23@L2A4,23,L2A4,"L2A4 L2B3 L3A3 L3B2 L4B1",0,0.000000,yes
3D,E,120,E-o3@L1A4,3,L1A4,"L1A4 L1B3 L1B4 L1C3 L1D3",0,0.000000,yes
3D,E,121,E-o3@L1B4,3,L1B4,"L1B4 L1C3 L1C4 L1D3 L1E3",0,0.000000,yes
3D,E,122,E-o3@L1B5,3,L1B5,"L1B5 L1C4 L1C5 L1D4 L1E4",0,0.000000,yes
3D,E,123,E-o3@L2A3,3,L2A3,"L2A3 L2B2 L2B3 L2C2 L2D2",0,0.000000,yes
3D,E,124,E-o3@L2A4,3,L2A4,"L2A4 L2B3 L2B4 L2C3 L2D3",0,0.000000,yes
3D,E,125,E-o6@L1B2,6,L1B2,"L1B2 L2B2 L3B2 L4A1 L5A1",0,0.000000,yes
3D,E,126,E-o7@L1D4,7,L1D4,"L1D4 L2C3 L3B2 L4B2 L5A1",0,0.000000,yes
3D,E,127,E-o8@L1A2,8,L1A2,"L1A2 L1B2 L1B3 L1C3 L1D3",0,0.000000,yes
3D,E,128,E-o8@L1B1,8,L1B1,"L1B1 L1C1 L1C2 L1D2 L1E2",0,0.000000,yes
3D,E,129,E-o8@L1B2,8,L1B2,"L1B2 L1C2 L1C3 L1D3 L1E3",0,0.000000,yes
3D,E,130,E-o8@L2A1,8,L2A1,"L2A1 L2B1 L2B2 L2C2 L2D2",0,0.000000,yes
3D,E,131,E-o8@L2A2,8,L2A2,"L2A2 L2B2 L2B3 L2C3 L2D3",0,0.000000,yes
3D,E,132,E-o9@L1C1,9,L1C1,"L1C1 L1C2 L1C3 L1D3 L1D4",0,0.000000,yes
3D,E,133,E-o9@L1C2,9,L1C2,"L1C2 L1C3 L1C4 L1D4 L1D5",0,0.000000,yes
3D,E,134,E-o9@L1D1,9,L1D1,"L1D1 L1D2 L1D3 L1E3 L1E4",0,0.000000,yes
3D,E,135,E-o9@L2B1,9,L2B1,"L2B1 L2B2 L2B3 L2C3 L2C4",0,0.000000,yes
3D,E,136,E-o9@L2C1,9,L2C1,"L2C1 L2C2 L2C3 L2D3 L2D4",0,0.000000,yes
3D,F,1,F-o2@L2C3,2,L2C3,"L2C3 L3C3 L4B2",116,4.738562,no
3D,F,2,F-o3@L2B2,3,L2B2,"L2B2 L3A1 L4A1",116,4.738562,no
3D,F,3,F-o8@L2B3,8,L2B3,"L2B3 L3A3 L4A2",116,4.738562,no
3D,F,4,F-o9@L2C2,9,L2C2,"L2C2 L3C1 L4B1",116,4.738562,no
3D,F,5,F-o0@L4A2,0,L4A2,"L4A2 L4B1 L4B2",96,3.921569,no
3D,F,6,F-o1@L4A1,1,L4A1,"L4A1 L4A2 L4B1",96,3.921569,no
3D,F,7,F-o4@L4A1,4,L4A1,"L4A1 L4A2 L4B2",96,3.921569,no
3D,F,8,F-o5@L4A1,5,L4A1,"L4A1 L4B1 L4B2",96,3.921569,no
3D,F,9,F-o11@L2B2,11,L2B2,"L2B2 L3A2 L3B1",40,1.633987,no
3D,F,10,F-o11@L2C3,11,L2C3,"L2C3 L3B3 L3C2",40,1.633987,no
3D,F,11,F-o7@L2B3,7,L2B3,"L2B3 L3A2 L3B3",40,1.633987,no
3D,F,12,F-o7@L2C2,7,L2C2,"L2C2 L3B1 L3C2",40,1.633987,no
3D,F,13,F-o0@L1A5,0,L1A5,"L1A5 L1B4 L1B5",38,1.552288,no
3D,F,14,F-o0@L1D2,0,L1D2,"L1D2 L1E1 L1E2",38,1.552288,no
3D,F,15,F-o1@L1A4,1,L1A4,"L1A4 L1A5 L1B4",38,1.552288,no
3D,F,16,F-o1@L1D1,1,L1D1,"L1D1 L1D2 L1E1",38,1.552288,no
3D,F,17,F-o4@L1A1,4,L1A1,"L1A1 L1A2 L1B2",38,1.552288,no
3D,F,18,F-o4@L1D4,4,L1D4,"L1D4 L1D5 L1E5",38,1.552288,no
3D,F,19,F-o5@L1A1,5,L1A1,"L1A1 L1B1 L1B2",38,1.552288,no
3D,F,20,F-o5@L1D4,5,L1D4,"L1D4 L1E4 L1E5",38,1.552288,no
3D,F,21,F-o0@L1D5,0,L1D5,"L1D5 L1E4 L1E5",32,1.307190,no
3D,F,22,F-o1@L1A1,1,L1A1,"L1A1 L1A2 L1B1",32,1.307190,no
3D,F,23,F-o4@L1A4,4,L1A4,"L1A4 L1A5 L1B5",32,1.307190,no
3D,F,24,F-o5@L1D1,5,L1D1,"L1D1 L1E1 L1E2",32,1.307190,no
3D,F,25,F-o0@L1B5,0,L1B5,"L1B5 L1C4 L1C5",20,0.816993,no
3D,F,26,F-o0@L1D3,0,L1D3,"L1D3 L1E2 L1E3",20,0.816993,no
3D,F,27,F-o1@L1A3,1,L1A3,"L1A3 L1A4 L1B3",20,0.816993,no
3D,F,28,F-o1@L1C1,1,L1C1,"L1C1 L1C2 L1D1",20,0.816993,no
3D,F,29,F-o4@L1A2,4,L1A2,"L1A2 L1A3 L1B3",20,0.816993,no
3D,F,30,F-o4@L1C4,4,L1C4,"L1C4 L1C5 L1D5",20,0.816993,no
3D,F,31,F-o5@L1B1,5,L1B1,"L1B1 L1C1 L1C2",20,0.816993,no
3D,F,32,F-o5@L1D3,5,L1D3,"L1D3 L1E3 L1E4",20,0.816993,no
3D,F,33,F-o10@L1A5,10,L1A5,"L1A5 L1B4 L2A4",18,0.735294,no
3D,F,34,F-o10@L1D2,10,L1D2,"L1D2 L1E1 L2D1",18,0.735294,no
3D,F,35,F-o10@L3A2,10,L3A2,"L3A2 L3B1 L4A1",18,0.735294,no
3D,F,36,F-o10@L3B3,10,L3B3,"L3B3 L3C2 L4B2",18,0.735294,no
3D,F,37,F-o6@L1A1,6,L1A1,"L1A1 L1B2 L2A1",18,0.735294,no
3D,F,38,F-o6@L1D4,6,L1D4,"L1D4 L1E5 L2D4",18,0.735294,no
3D,F,39,F-o6@L3A2,6,L3A2,"L3A2 L3B3 L4A2",18,0.735294,no
3D,F,40,F-o6@L3B1,6,L3B1,"L3B1 L3C2 L4B1",18,0.735294,no
3D,F,41,F-o0@L1C5,0,L1C5,"L1C5 L1D4 L1D5",16,0.653595,no
3D,F,42,F-o0@L1D4,0,L1D4,"L1D4 L1E3 L1E4",16,0.653595,no
3D,F,43,F-o1@L1A2,1,L1A2,"L1A2 L1A3 L1B2",16,0.653595,no
3D,F,44,F-o1@L1B1,1,L1B1,"L1B1 L1B2 L1C1",16,0.653595,no
3D,F,45,F-o10@L4A2,10,L4A2,"L4A2 L4B1 L5A1",16,0.653595,no
3D,F,46,F-o2@L1D4,2,L1D4,"L1D4 L2D4 L3C3",16,0.653595,no
3D,F,47,F-o3@L1B2,3,L1B2,"L1B2 L2A1 L3A1",16,0.653595,no
3D,F,48,F-o4@L1A3,4,L1A3,"L1A3 L1A4 L1B4",16,0.653595,no
3D,F,49,F-o4@L1B4,4,L1B4,"L1B4 L1B5 L1C5",16,0.653595,no
3D,F,50,F-o5@L1C1,5,L1C1,"L1C1 L1D1 L1D2",16,0.653595,no
3D,F,51,F-o5@L1D2,5,L1D2,"L1D2 L1E2 L1E3",16,0.653595,no
3D,F,52,F-o6@L4A1,6,L4A1,"L4A1 L4B2 L5A1",16,0.653595,no
3D,F,53,F-o8@L1B4,8,L1B4,"L1B4 L2A4 L3A3",16,0.653595,no
3D,F,54,F-o9@L1D2,9,L1D2,"L1D2 L2D1 L3C1",16,0.653595,no
3D,F,55,F-o0@L1A2,0,L1A2,"L1A2 L1B1 L1B2",12,0.490196,no
3D,F,56,F-o1@L1D4,1,L1D4,"L1D4 L1D5 L1E4",12,0.490196,no
3D,F,57,F-o4@L1D1,4,L1D1,"L1D1 L1D2 L1E2",12,0.490196,no
3D,F,58,F-o5@L1A4,5,L1A4,"L1A4 L1B4 L1B5",12,0.490196,no
3D,F,59,F-o0@L1B3,0,L1B3,"L1B3 L1C2 L1C3",10,0.408497,no
3D,F,60,F-o1@L1C3,1,L1C3,"L1C3 L1C4 L1D3",10,0.408497,no
3D,F,61,F-o4@L1C2,4,L1C2,"L1C2 L1C3 L1D3",10,0.408497,no
3D,F,62,F-o5@L1B3,5,L1B3,"L1B3 L1C3 L1C4",10,0.408497,no
3D,F,63,F-o10@L1A4,10,L1A4,"L1A4 L1B3 L2A3",9,0.367647,no
3D,F,64,F-o10@L1B5,10,L1B5,"L1B5 L1C4 L2B4",9,0.367647,no
3D,F,65,F-o10@L1C2,10,L1C2,"L1C2 L1D1 L2C1",9,0.367647,no
3D,F,66,F-o10@L1D3,10,L1D3,"L1D3 L1E2 L2D2",9,0.367647,no
3D,F,67,F-o6@L1A2,6,L1A2,"L1A2 L1B3 L2A2",9,0.367647,no
3D,F,68,F-o6@L1B1,6,L1B1,"L1B1 L1C2 L2B1",9,0.367647,no
3D,F,69,F-o6@L1C4,6,L1C4,"L1C4 L1D5 L2C4",9,0.367647,no
3D,F,70,F-o6@L1D3,6,L1D3,"L1D3 L1E4 L2D3",9,0.367647,no
3D,F,71,F-o0@L1A3,0,L1A3,"L1A3 L1B2 L1B3",7,0.285948,no
3D,F,72,F-o0@L1B2,0,L1B2,"L1B2 L1C1 L1C2",7,0.285948,no
3D,F,73,F-o0@L2B4,0,L2B4,"L2B4 L2C3 L2C4",7,0.285948,no
3D,F,74,F-o0@L2C3,0,L2C3,"L2C3 L2D2 L2D3",7,0.285948,no
3D,F,75,F-o1@L1C4,1,L1C4,"L1C4 L1C5 L1D4",7,0.285948,no
3D,F,76,F-o1@L1D3,1,L1D3,"L1D3 L1D4 L1E3",7,0.285948,no
3D,F,77,F-o1@L2A2,1,L2A2,"L2A2 L2A3 L2B2",7,0.285948,no
3D,F,78,F-o1@L2B1,1,L2B1,"L2B1 L2B2 L2C1",7,0.285948,no
3D,F,79,F-o4@L1C1,4,L1C1,"L1C1 L1C2 L1D2",7,0.285948,no
3D,F,80,F-o4@L1D2,4,L1D2,"L1D2 L1D3 L1E3",7,0.285948,no
3D,F,81,F-o4@L2A2,4,L2A2,"L2A2 L2A3 L2B3",7,0.285948,no
3D,F,82,F-o4@L2B3,4,L2B3,"L2B3 L2B4 L2C4",7,0.285948,no
3D,F,83,F-o5@L1A3,5,L1A3,"L1A3 L1B3 L1B4",7,0.285948,no
3D,F,84,F-o5@L1B4,5,L1B4,"L1B4 L1C4 L1C5",7,0.285948,no
3D,F,85,F-o5@L2B1,5,L2B1,"L2B1 L2C1 L2C2",7,0.285948,no
3D,F,86,F-o5@L2C2,5,L2C2,"L2C2 L2D2 L2D3",7,0.285948,no
3D,F,87,F-o0@L1B4,0,L1B4,"L1B4 L1C3 L1C4",6,0.245098,no
3D,F,88,F-o0@L1C3,0,L1C3,"L1C3 L1D2 L1D3",6,0.245098,no
3D,F,89,F-o0@L2C4,0,L2C4,"L2C4 L2D3 L2D4",6,0.245098,no
3D,F,90,F-o1@L1B3,1,L1B3,"L1B3 L1B4 L1C3",6,0.245098,no
3D,F,91,F-o1@L1C2,1,L1C2,"L1C2 L1C3 L1D2",6,0.245098,no
3D,F,92,F-o1@L2A1,1,L2A1,"L2A1 L2A2 L2B1",6,0.245098,no
3D,F,93,F-o10@L2A4,10,L2A4,"L2A4 L2B3 L3A3",6,0.245098,no
3D,F,94,F-o10@L2C2,10,L2C2,"L2C2 L2D1 L3C1",6,0.245098,no
3D,F,95,F-o11@L1B2,11,L1B2,"L1B2 L2A2 L2B1",6,0.245098,no
3D,F,96,F-o11@L1D4,11,L1D4,"L1D4 L2C4 L2D3",6,0.245098,no
3D,F,97,F-o4@L1B2,4,L1B2,"L1B2 L1B3 L1C3",6,0.245098,no
3D,F,98,F-o4@L1C3,4,L1C3,"L1C3 L1C4 L1D4",6,0.245098,no
3D,F,99,F-o4@L2A3,4,L2A3,"L2A3 L2A4 L2B4",6,0.245098,no
3D,F,100,F-o5@L1B2,5,L1B2,"L1B2 L1C2 L1C3",6,0.245098,no
3D,F,101,F-o5@L1C3,5,L1C3,"L1C3 L1D3 L1D4",6,0.245098,no
3D,F,102,F-o5@L2C1,5,L2C1,"L2C1 L2D1 L2D2",6,0.245098,no
3D,F,103,F-o6@L2A1,6,L2A1,"L2A1 L2B2 L3A1",6,0.245098,no
3D,F,104,F-o6@L2C3,6,L2C3,"L2C3 L2D4 L3C3",6,0.245098,no
3D,F,105,F-o7@L1B4,7,L1B4,"L1B4 L2A3 L2B4",6,0.245098,no
3D,F,106,F-o7@L1D2,7,L1D2,"L1D2 L2C1 L2D2",6,0.245098,no
3D,F,107,F-o0@L3B3,0,L3B3,"L3B3 L3C2 L3C3",4,0.163399,no
3D,F,108,F-o1@L3A1,1,L3A1,"L3A1 L3A2 L3B1",4,0.163399,no
3D,F,109,F-o4@L3A2,4,L3A2,"L3A2 L3A3 L3B3",4,0.163399,no
3D,F,110,F-o5@L3B1,5,L3B1,"L3B1 L3C1 L3C2",4,0.163399,no
3D,F,111,F-o2@L2B3,2,L2B3,"L2B3 L3B3 L4A2",3,0.122549,no
3D,F,112,F-o2@L2C2,2,L2C2,"L2C2 L3C2 L4B1",3,0.122549,no
3D,F,113,F-o3@L2B3,3,L2B3,"L2B3 L3A2 L4A2",3,0.122549,no
3D,F,114,F-o3@L2C2,3,L2C2,"L2C2 L3B1 L4B1",3,0.122549,no
3D,F,115,F-o8@L2B2,8,L2B2,"L2B2 L3A2 L4A1",3,0.122549,no
3D,F,116,F-o8@L2C3,8,L2C3,"L2C3 L3B3 L4B2",3,0.122549,no
3D,F,117,F-o9@L2B2,9,L2B2,"L2B2 L3B1 L4A1",3,0.122549,no
3D,F,118,F-o9@L2C3,9,L2C3,"L2C3 L3C2 L4B2",3,0.122549,no
3D,F,119,F-o0@L3A2,0,L3A2,"L3A2 L3B1 L3B2",2,0.081699,no
3D,F,120,F-o1@L3B2,1,L3B2,"L3B2 L3B3 L3C2",2,0.081699,no
3D,F,121,F-o10@L1B3,10,L1B3,"L1B3 L1C2 L2B2",2,0.081699,no
3D,F,122,F-o10@L1C4,10,L1C4,"L1C4 L1D3 L2C3",2,0.081699,no
3D,F,123,F-o11@L1B4,11,L1B4,"L1B4 L2A4 L2B3",2,0.081699,no
3D,F,124,F-o11@L1D2,11,L1D2,"L1D2 L2C2 L2D1",2,0.081699,no
3D,F,125,F-o2@L1B2,2,L1B2,"L1B2 L2B2 L3A1",2,0.081699,no
3D,F,126,F-o3@L1D4,3,L1D4,"L1D4 L2C3 L3C3",2,0.081699,no
3D,F,127,F-o4@L3B1,4,L3B1,"L3B1 L3B2 L3C2",2,0.081699,no
3D,F,128,F-o5@L3A2,5,L3A2,"L3A2 L3B2 L3B3",2,0.081699,no
3D,F,129,F-o6@L1B3,6,L1B3,"L1B3 L1C4 L2B3",2,0.081699,no
3D,F,130,F-o6@L1C2,6,L1C2,"L1C2 L1D3 L2C2",2,0.081699,no
3D,F,131,F-o7@L1B2,7,L1B2,"L1B2 L2A1 L2B2",2,0.081699,no
3D,F,132,F-o7@L1D4,7,L1D4,"L1D4 L2C3 L2D4",2,0.081699,no
3D,F,133,F-o8@L1D2,8,L1D2,"L1D2 L2C2 L3C1",2,0.081699,no
3D,F,134,F-o9@L1B4,9,L1B4,"L1B4 L2B3 L3A3",2,0.081699,no
3D,F,135,F-o10@L1A3,10,L1A3,"L1A3 L1B2 L2A2",1,0.040850,no
3D,F,136,F-o10@L1B2,10,L1B2,"L1B2 L1C1 L2B1",1,0.040850,no
3D,F,137,F-o10@L1C5,10,L1C5,"L1C5 L1D4 L2C4",1,0.040850,no
3D,F,138,F-o10@L1D4,10,L1D4,"L1D4 L1E3 L2D3",1,0.040850,no
3D,F,139,F-o2@L1B4,2,L1B4,"L1B4 L2B4 L3A3",1,0.040850,no
3D,F,140,F-o2@L1D2,2,L1D2,"L1D2 L2D2 L3C1",1,0.040850,no
3D,F,141,F-o3@L1B4,3,L1B4,"L1B4 L2A3 L3A3",1,0.040850,no
3D,F,142,F-o3@L1D2,3,L1D2,"L1D2 L2C1 L3C1",1,0.040850,no
3D,F,143,F-o6@L1A3,6,L1A3,"L1A3 L1B4 L2A3",1,0.040850,no
3D,F,144,F-o6@L1B4,6,L1B4,"L1B4 L1C5 L2B4",1,0.040850,no
3D,F,145,F-o6@L1C1,6,L1C1,"L1C1 L1D2 L2C1",1,0.040850,no
3D,F,146,F-o6@L1D2,6,L1D2,"L1D2 L1E3 L2D2",1,0.040850,no
3D,F,147,F-o8@L1B2,8,L1B2,"L1B2 L2A2 L3A1",1,0.040850,no
3D,F,148,F-o8@L1D4,8,L1D4,"L1D4 L2C4 L3C3",1,0.040850,no
3D,F,149,F-o9@L1B2,9,L1B2,"L1B2 L2B1 L3A1",1,0.040850,no
3D,F,150,F-o9@L1D4,9,L1D4,"L1D4 L2D3 L3C3",1,0.040850,no
3D,F,151,F-o0@L1A4,0,L1A4,"L1A4 L1B3 L1B4",0,0.000000,yes
3D,F,152,F-o0@L1C2,0,L1C2,"L1C2 L1D1 L1D2",0,0.000000,yes
3D,F,153,F-o0@L1C4,0,L1C4,"L1C4 L1D3 L1D4",0,0.000000,yes
3D,F,154,F-o0@L2A2,0,L2A2,"L2A2 L2B1 L2B2",0,0.000000,yes
3D,F,155,F-o0@L2A3,0,L2A3,"L2A3 L2B2 L2B3",0,0.000000,yes
3D,F,156,F-o0@L2A4,0,L2A4,"L2A4 L2B3 L2B4",0,0.000000,yes
3D,F,157,F-o0@L2B2,0,L2B2,"L2B2 L2C1 L2C2",0,0.000000,yes
3D,F,158,F-o0@L2B3,0,L2B3,"L2B3 L2C2 L2C3",0,0.000000,yes
3D,F,159,F-o0@L2C2,0,L2C2,"L2C2 L2D1 L2D2",0,0.000000,yes
3D,F,160,F-o0@L3A3,0,L3A3,"L3A3 L3B2 L3B3",0,0.000000,yes
3D,F,161,F-o0@L3B2,0,L3B2,"L3B2 L3C1 L3C2",0,0.000000,yes
3D,F,162,F-o1@L1B2,1,L1B2,"L1B2 L1B3 L1C2",0,0.000000,yes
3D,F,163,F-o1@L1B4,1,L1B4,"L1B4 L1B5 L1C4",0,0.000000,yes
3D,F,164,F-o1@L1D2,1,L1D2,"L1D2 L1D3 L1E2",0,0.000000,yes
3D,F,165,F-o1@L2A3,1,L2A3,"L2A3 L2A4 L2B3",0,0.000000,yes
3D,F,166,F-o1@L2B2,1,L2B2,"L2B2 L2B3 L2C2",0,0.000000,yes
3D,F,167,F-o1@L2B3,1,L2B3,"L2B3 L2B4 L2C3",0,0.000000,yes
3D,F,168,F-o1@L2C1,1,L2C1,"L2C1 L2C2 L2D1",0,0.000000,yes
3D,F,169,F-o1@L2C2,1,L2C2,"L2C2 L2C3 L2D2",0,0.000000,yes
3D,F,170,F-o1@L2C3,1,L2C3,"L2C3 L2C4 L2D3",0,0.000000,yes
3D,F,171,F-o1@L3A2,1,L3A2,"L3A2 L3A3 L3B2",0,0.000000,yes
3D,F,172,F-o1@L3B1,1,L3B1,"L3B1 L3B2 L3C1",0,0.000000,yes
3D,F,173,F-o10@L1A2,10,L1A2,"L1A2 L1B1 L2A1",0,0.000000,yes
3D,F,174,F-o10@L1B4,10,L1B4,"L1B4 L1C3 L2B3",0,0.000000,yes
3D,F,175,F-o10@L1C3,10,L1C3,"L1C3 L1D2 L2C2",0,0.000000,yes
3D,F,176,F-o10@L1D5,10,L1D5,"L1D5 L1E4 L2D4",0,0.000000,yes
3D,F,177,F-o10@L2A2,10,L2A2,"L2A2 L2B1 L3A1",0,0.000000,yes
3D,F,178,F-o10@L2A3,10,L2A3,"L2A3 L2B2 L3A2",0,0.000000,yes
3D,F,179,F-o10@L2B2,10,L2B2,"L2B2 L2C1 L3B1",0,0.000000,yes
3D,F,180,F-o10@L2B3,10,L2B3,"L2B3 L2C2 L3B2",0,0.000000,yes
3D,F,181,F-o10@L2B4,10,L2B4,"L2B4 L2C3 L3B3",0,0.000000,yes
3D,F,182,F-o10@L2C3,10,L2C3,"L2C3 L2D2 L3C2",0,0.000000,yes
3D,F,183,F-o10@L2C4,10,L2C4,"L2C4 L2D3 L3C3",0,0.000000,yes
3D,F,184,F-o10@L3A3,10,L3A3,"L3A3 L3B2 L4A2",0,0.000000,yes
3D,F,185,F-o10@L3B2,10,L3B2,"L3B2 L3C1 L4B1",0,0.000000,yes
3D,F,186,F-o11@L1B3,11,L1B3,"L1B3 L2A3 L2B2",0,0.000000,yes
3D,F,187,F-o11@L1C2,11,L1C2,"L1C2 L2B2 L2C1",0,0.000000,yes
3D,F,188,F-o11@L1C3,11,L1C3,"L1C3 L2B3 L2C2",0,0.000000,yes
3D,F,189,F-o11@L1C4,11,L1C4,"L1C4 L2B4 L2C3",0,0.000000,yes
3D,F,190,F-o11@L1D3,11,L1D3,"L1D3 L2C3 L2D2",0,0.000000,yes
3D,F,191,F-o11@L2B3,11,L2B3,"L2B3 L3A3 L3B2",0,0.000000,yes
3D,F,192,F-o11@L2C2,11,L2C2,"L2C2 L3B2 L3C1",0,0.000000,yes
3D,F,193,F-o11@L3B2,11,L3B2,"L3B2 L4A2 L4B1",0,0.000000,yes
3D,F,194,F-o2@L1B3,2,L1B3,"L1B3 L2B3 L3A2",0,0.000000,yes
3D,F,195,F-o2@L1C2,2,L1C2,"L1C2 L2C2 L3B1",0,0.000000,yes
3D,F,196,F-o2@L1C3,2,L1C3,"L1C3 L2C3 L3B2",0,0.000000,yes
3D,F,197,F-o2@L1C4,2,L1C4,"L1C4 L2C4 L3B3",0,0.000000,yes
3D,F,198,F-o2@L1D3,2,L1D3,"L1D3 L2D3 L3C2",0,0.000000,yes
3D,F,199,F-o2@L2B2,2,L2B2,"L2B2 L3B2 L4A1",0,0.000000,yes
3D,F,200,F-o2@L3B2,2,L3B2,"L3B2 L4B2 L5A1",0,0.000000,yes
3D,F,201,F-o3@L1B3,3,L1B3,"L1B3 L2A2 L3A2",0,0.000000,yes
3D,F,202,F-o3@L1C2,3,L1C2,"L1C2 L2B1 L3B1",0,0.000000,yes
3D,F,203,F-o3@L1C3,3,L1C3,"L1C3 L2B2 L3B2",0,0.000000,yes
3D,F,204,F-o3@L1C4,3,L1C4,"L1C4 L2B3 L3B3",0,0.000000,yes
3D,F,205,F-o3@L1D3,3,L1D3,"L1D3 L2C2 L3C2",0,0.000000,yes
3D,F,206,F-o3@L2C3,3,L2C3,"L2C3 L3B2 L4B2",0,0.000000,yes
3D,F,207,F-o3@L3B2,3,L3B2,"L3B2 L4A1 L5A1",0,0.000000,yes
3D,F,208,F-o4@L1B1,4,L1B1,"L1B1 L1B2 L1C2",0,0.000000,yes
3D,F,209,F-o4@L1B3,4,L1B3,"L1B3 L1B4 L1C4",0,0.000000,yes
3D,F,210,F-o4@L1D3,4,L1D3,"L1D3 L1D4 L1E4",0,0.000000,yes
3D,F,211,F-o4@L2A1,4,L2A1,"L2A1 L2A2 L2B2",0,0.000000,yes
3D,F,212,F-o4@L2B1,4,L2B1,"L2B1 L2B2 L2C2",0,0.000000,yes
3D,F,213,F-o4@L2B2,4,L2B2,"L2B2 L2B3 L2C3",0,0.000000,yes
3D,F,214,F-o4@L2C1,4,L2C1,"L2C1 L2C2 L2D2",0,0.000000,yes
3D,F,215,F-o4@L2C2,4,L2C2,"L2C2 L2C3 L2D3",0,0.000000,yes
3D,F,216,F-o4@L2C3,4,L2C3,"L2C3 L2C4 L2D4",0,0.000000,yes
3D,F,217,F-o4@L3A1,4,L3A1,"L3A1 L3A2 L3B2",0,0.000000,yes
3D,F,218,F-o4@L3B2,4,L3B2,"L3B2 L3B3 L3C3",0,0.000000,yes
3D,F,219,F-o5@L1A2,5,L1A2,"L1A2 L1B2 L1B3",0,0.000000,yes
3D,F,220,F-o5@L1C2,5,L1C2,"L1C2 L1D2 L1D3",0,0.000000,yes
3D,F,221,F-o5@L1C4,5,L1C4,"L1C4 L1D4 L1D5",0,0.000000,yes
3D,F,222,F-o5@L2A1,5,L2A1,"L2A1 L2B1 L2B2",0,0.000000,yes
3D,F,223,F-o5@L2A2,5,L2A2,"L2A2 L2B2 L2B3",0,0.000000,yes
3D,F,224,F-o5@L2A3,5,L2A3,"L2A3 L2B3 L2B4",0,0.000000,yes
3D,F,225,F-o5@L2B2,5,L2B2,"L2B2 L2C2 L2C3",0,0.000000,yes
3D,F,226,F-o5@L2B3,5,L2B3,"L2B3 L2C3 L2C4",0,0.000000,yes
3D,F,227,F-o5@L2C3,5,L2C3,"L2C3 L2D3 L2D4",0,0.000000,yes
3D,F,228,F-o5@L3A1,5,L3A1,"L3A1 L3B1 L3B2",0,0.000000,yes
3D,F,229,F-o5@L3B2,5,L3B2,"L3B2 L3C2 L3C3",0,0.000000,yes
3D,F,230,F-o6@L1A4,6,L1A4,"L1A4 L1B5 L2A4",0,0.000000,yes
3D,F,231,F-o6@L1B2,6,L1B2,"L1B2 L1C3 L2B2",0,0.000000,yes
3D,F,232,F-o6@L1C3,6,L1C3,"L1C3 L1D4 L2C3",0,0.000000,yes
3D,F,233,F-o6@L1D1,6,L1D1,"L1D1 L1E2 L2D1",0,0.000000,yes
3D,F,234,F-o6@L2A2,6,L2A2,"L2A2 L2B3 L3A2",0,0.000000,yes
3D,F,235,F-o6@L2A3,6,L2A3,"L2A3 L2B4 L3A3",0,0.000000,yes
3D,F,236,F-o6@L2B1,6,L2B1,"L2B1 L2C2 L3B1",0,0.000000,yes
3D,F,237,F-o6@L2B2,6,L2B2,"L2B2 L2C3 L3B2",0,0.000000,yes
3D,F,238,F-o6@L2B3,6,L2B3,"L2B3 L2C4 L3B3",0,0.000000,yes
3D,F,239,F-o6@L2C1,6,L2C1,"L2C1 L2D2 L3C1",0,0.000000,yes
3D,F,240,F-o6@L2C2,6,L2C2,"L2C2 L2D3 L3C2",0,0.000000,yes
3D,F,241,F-o6@L3A1,6,L3A1,"L3A1 L3B2 L4A1",0,0.000000,yes
3D,F,242,F-o6@L3B2,6,L3B2,"L3B2 L3C3 L4B2",0,0.000000,yes
3D,F,243,F-o7@L1B3,7,L1B3,"L1B3 L2A2 L2B3",0,0.000000,yes
3D,F,244,F-o7@L1C2,7,L1C2,"L1C2 L2B1 L2C2",0,0.000000,yes
3D,F,245,F-o7@L1C3,7,L1C3,"L1C3 L2B2 L2C3",0,0.000000,yes
3D,F,246,F-o7@L1C4,7,L1C4,"L1C4 L2B3 L2C4",0,0.000000,yes
3D,F,247,F-o7@L1D3,7,L1D3,"L1D3 L2C2 L2D3",0,0.000000,yes
3D,F,248,F-o7@L2B2,7,L2B2,"L2B2 L3A1 L3B2",0,0.000000,yes
3D,F,249,F-o7@L2C3,7,L2C3,"L2C3 L3B2 L3C3",0,0.000000,yes
3D,F,250,F-o7@L3B2,7,L3B2,"L3B2 L4A1 L4B2",0,0.000000,yes
3D,F,251,F-o8@L1B3,8,L1B3,"L1B3 L2A3 L3A2",0,0.000000,yes
3D,F,252,F-o8@L1C2,8,L1C2,"L1C2 L2B2 L3B1",0,0.000000,yes
3D,F,253,F-o8@L1C3,8,L1C3,"L1C3 L2B3 L3B2",0,0.000000,yes
3D,F,254,F-o8@L1C4,8,L1C4,"L1C4 L2B4 L3B3",0,0.000000,yes
3D,F,255,F-o8@L1D3,8,L1D3,"L1D3 L2C3 L3C2",0,0.000000,yes
3D,F,256,F-o8@L2C2,8,L2C2,"L2C2 L3B2 L4B1",0,0.000000,yes
3D,F,257,F-o8@L3B2,8,L3B2,"L3B2 L4A2 L5A1",0,0.000000,yes
3D,F,258,F-o9@L1B3,9,L1B3,"L1B3 L2B2 L3A2",0,0.000000,yes
3D,F,259,F-o9@L1C2,9,L1C2,"L1C2 L2C1 L3B1",0,0.000000,yes
3D,F,260,F-o9@L1C3,9,L1C3,"L1C3 L2C2 L3B2",0,0.000000,yes
3D,F,261,F-o9@L1C4,9,L1C4,"L1C4 L2C3 L3B3",0,0.000000,yes
3D,F,262,F-o9@L1D3,9,L1D3,"L1D3 L2D2 L3C2",0,0.000000,yes
3D,F,263,F-o9@L2B3,9,L2B3,"L2B3 L3B2 L4A2",0,0.000000,yes
3D,F,264,F-o9@L3B2,9,L3B2,"L3B2 L4B1 L5A1",0,0.000000,yes
3D,G,1,G-o10@L3A3,10,L3A3,"L3A3 L3C1 L4A2 L4B1 L5A1",400,16.339869,no
3D,G,2,G-o6@L3A1,6,L3A1,"L3A1 L3C3 L4A1 L4B2 L5A1",400,16.339869,no
3D,G,3,G-o0@L2B4,0,L2B4,"L2B4 L2C4 L2D2 L2D3 L2D4",270,11.029412,no
3D,G,4,G-o1@L2A1,1,L2A1,"L2A1 L2A2 L2A3 L2B1 L2C1",270,11.029412,no
3D,G,5,G-o4@L2A2,4,L2A2,"L2A2 L2A3 L2A4 L2B4 L2C4",270,11.029412,no
3D,G,6,G-o5@L2B1,5,L2B1,"L2B1 L2C1 L2D1 L2D2 L2D3",270,11.029412,no
3D,G,7,G-o0@L1C5,0,L1C5,"L1C5 L1D5 L1E3 L1E4 L1E5",118,4.820261,no
3D,G,8,G-o1@L1A1,1,L1A1,"L1A1 L1A2 L1A3 L1B1 L1C1",118,4.820261,no
3D,G,9,G-o4@L1A3,4,L1A3,"L1A3 L1A4 L1A5 L1B5 L1C5",118,4.820261,no
3D,G,10,G-o5@L1C1,5,L1C1,"L1C1 L1D1 L1E1 L1E2 L1E3",118,4.820261,no
3D,G,11,G-o0@L3A3,0,L3A3,"L3A3 L3B3 L3C1 L3C2 L3C3",16,0.653595,no
3D,G,12,G-o1@L3A1,1,L3A1,"L3A1 L3A2 L3A3 L3B1 L3C1",16,0.653595,no
3D,G,13,G-o4@L3A1,4,L3A1,"L3A1 L3A2 L3A3 L3B3 L3C3",16,0.653595,no
3D,G,14,G-o5@L3A1,5,L3A1,"L3A1 L3B1 L3C1 L3C2 L3C3",16,0.653595,no
3D,G,15,G-o0@L1A5,0,L1A5,"L1A5 L1B5 L1C3 L1C4 L1C5",4,0.163399,no
3D,G,16,G-o0@L1C3,0,L1C3,"L1C3 L1D3 L1E1 L1E2 L1E3",4,0.163399,no
3D,G,17,G-o1@L1A3,1,L1A3,"L1A3 L1A4 L1A5 L1B3 L1C3",4,0.163399,no
3D,G,18,G-o1@L1C1,1,L1C1,"L1C1 L1C2 L1C3 L1D1 L1E1",4,0.163399,no
3D,G,19,G-o4@L1A1,4,L1A1,"L1A1 L1A2 L1A3 L1B3 L1C3",4,0.163399,no
3D,G,20,G-o4@L1C3,4,L1C3,"L1C3 L1C4 L1C5 L1D5 L1E5",4,0.163399,no
3D,G,21,G-o5@L1A1,5,L1A1,"L1A1 L1B1 L1C1 L1C2 L1C3",4,0.163399,no
3D,G,22,G-o5@L1C3,5,L1C3,"L1C3 L1D3 L1E3 L1E4 L1E5",4,0.163399,no
3D,G,23,G-o0@L1A3,0,L1A3,"L1A3 L1B3 L1C1 L1C2 L1C3",0,0.000000,yes
3D,G,24,G-o0@L1A4,0,L1A4,"L1A4 L1B4 L1C2 L1C3 L1C4",0,0.000000,yes
3D,G,25,G-o0@L1B3,0,L1B3,"L1B3 L1C3 L1D1 L1D2 L1D3",0,0.000000,yes
3D,G,26,G-o0@L1B4,0,L1B4,"L1B4 L1C4 L1D2 L1D3 L1D4",0,0.000000,yes
3D,G,27,G-o0@L1B5,0,L1B5,"L1B5 L1C5 L1D3 L1D4 L1D5",0,0.000000,yes
3D,G,28,G-o0@L1C4,0,L1C4,"L1C4 L1D4 L1E2 L1E3 L1E4",0,0.000000,yes
3D,G,29,G-o0@L2A3,0,L2A3,"L2A3 L2B3 L2C1 L2C2 L2C3",0,0.000000,yes
3D,G,30,G-o0@L2A4,0,L2A4,"L2A4 L2B4 L2C2 L2C3 L2C4",0,0.000000,yes
3D,G,31,G-o0@L2B3,0,L2B3,"L2B3 L2C3 L2D1 L2D2 L2D3",0,0.000000,yes
3D,G,32,G-o1@L1A2,1,L1A2,"L1A2 L1A3 L1A4 L1B2 L1C2",0,0.000000,yes
3D,G,33,G-o1@L1B1,1,L1B1,"L1B1 L1B2 L1B3 L1C1 L1D1",0,0.000000,yes
3D,G,34,G-o1@L1B2,1,L1B2,"L1B2 L1B3 L1B4 L1C2 L1D2",0,0.000000,yes
3D,G,35,G-o1@L1B3,1,L1B3,"L1B3 L1B4 L1B5 L1C3 L1D3",0,0.000000,yes
3D,G,36,G-o1@L1C2,1,L1C2,"L1C2 L1C3 L1C4 L1D2 L1E2",0,0.000000,yes
3D,G,37,G-o1@L1C3,1,L1C3,"L1C3 L1C4 L1C5 L1D3 L1E3",0,0.000000,yes
3D,G,38,G-o1@L2A2,1,L2A2,"L2A2 L2A3 L2A4 L2B2 L2C2",0,0.000000,yes
3D,G,39,G-o1@L2B1,1,L2B1,"L2B1 L2B2 L2B3 L2C1 L2D1",0,0.000000,yes
3D,G,40,G-o1@L2B2,1,L2B2,"L2B2 L2B3 L2B4 L2C2 L2D2",0,0.000000,yes
3D,G,41,G-o10@L1A3,10,L1A3,"L1A3 L1C1 L2A2 L2B1 L3A1",0,0.000000,yes
3D,G,42,G-o10@L1A4,10,L1A4,"L1A4 L1C2 L2A3 L2B2 L3A2",0,0.000000,yes
3D,G,43,G-o10@L1A5,10,L1A5,"L1A5 L1C3 L2A4 L2B3 L3A3",0,0.000000,yes
3D,G,44,G-o10@L1B3,10,L1B3,"L1B3 L1D1 L2B2 L2C1 L3B1",0,0.000000,yes
3D,G,45,G-o10@L1B4,10,L1B4,"L1B4 L1D2 L2B3 L2C2 L3B2",0,0.000000,yes
3D,G,46,G-o10@L1B5,10,L1B5,"L1B5 L1D3 L2B4 L2C3 L3B3",0,0.000000,yes
3D,G,47,G-o10@L1C3,10,L1C3,"L1C3 L1E1 L2C2 L2D1 L3C1",0,0.000000,yes
3D,G,48,G-o10@L1C4,10,L1C4,"L1C4 L1E2 L2C3 L2D2 L3C2",0,0.000000,yes
3D,G,49,G-o10@L1C5,10,L1C5,"L1C5 L1E3 L2C4 L2D3 L3C3",0,0.000000,yes
3D,G,50,G-o10@L2A3,10,L2A3,"L2A3 L2C1 L3A2 L3B1 L4A1",0,0.000000,yes
3D,G,51,G-o10@L2A4,10,L2A4,"L2A4 L2C2 L3A3 L3B2 L4A2",0,0.000000,yes
3D,G,52,G-o10@L2B3,10,L2B3,"L2B3 L2D1 L3B2 L3C1 L4B1",0,0.000000,yes
3D,G,53,G-o10@L2B4,10,L2B4,"L2B4 L2D2 L3B3 L3C2 L4B2",0,0.000000,yes
3D,G,54,G-o11@L1C3,11,L1C3,"L1C3 L2B3 L2C2 L3A3 L3C1",0,0.000000,yes
3D,G,55,G-o2@L1C3,2,L1C3,"L1C3 L2C3 L3C3 L4B2 L5A1",0,0.000000,yes
3D,G,56,G-o3@L1C3,3,L1C3,"L1C3 L2B2 L3A1 L4A1 L5A1",0,0.000000,yes
3D,G,57,G-o4@L1A2,4,L1A2,"L1A2 L1A3 L1A4 L1B4 L1C4",0,0.000000,yes
3D,G,58,G-o4@L1B1,4,L1B1,"L1B1 L1B2 L1B3 L1C3 L1D3",0,0.000000,yes
3D,G,59,G-o4@L1B2,4,L1B2,"L1B2 L1B3 L1B4 L1C4 L1D4",0,0.000000,yes
3D,G,60,G-o4@L1B3,4,L1B3,"L1B3 L1B4 L1B5 L1C5 L1D5",0,0.000000,yes
3D,G,61,G-o4@L1C1,4,L1C1,"L1C1 L1C2 L1C3 L1D3 L1E3",0,0.000000,yes
3D,G,62,G-o4@L1C2,4,L1C2,"L1C2 L1C3 L1C4 L1D4 L1E4",0,0.000000,yes
3D,G,63,G-o4@L2A1,4,L2A1,"L2A1 L2A2 L2A3 L2B3 L2C3",0,0.000000,yes
3D,G,64,G-o4@L2B1,4,L2B1,"L2B1 L2B2 L2B3 L2C3 L2D3",0,0.000000,yes
3D,G,65,G-o4@L2B2,4,L2B2,"L2B2 L2B3 L2B4 L2C4 L2D4",0,0.000000,yes
3D,G,66,G-o5@L1A2,5,L1A2,"L1A2 L1B2 L1C2 L1C3 L1C4",0,0.000000,yes
3D,G,67,G-o5@L1A3,5,L1A3,"L1A3 L1B3 L1C3 L1C4 L1C5",0,0.000000,yes
3D,G,68,G-o5@L1B1,5,L1B1,"L1B1 L1C1 L1D1 L1D2 L1D3",0,0.000000,yes
3D,G,69,G-o5@L1B2,5,L1B2,"L1B2 L1C2 L1D2 L1D3 L1D4",0,0.000000,yes
3D,G,70,G-o5@L1B3,5,L1B3,"L1B3 L1C3 L1D3 L1D4 L1D5",0,0.000000,yes
3D,G,71,G-o5@L1C2,5,L1C2,"L1C2 L1D2 L1E2 L1E3 L1E4",0,0.000000,yes
3D,G,72,G-o5@L2A1,5,L2A1,"L2A1 L2B1 L2C1 L2C2 L2C3",0,0.000000,yes
3D,G,73,G-o5@L2A2,5,L2A2,"L2A2 L2B2 L2C2 L2C3 L2C4",0,0.000000,yes
3D,G,74,G-o5@L2B2,5,L2B2,"L2B2 L2C2 L2D2 L2D3 L2D4",0,0.000000,yes
3D,G,75,G-o6@L1A1,6,L1A1,"L1A1 L1C3 L2A1 L2B2 L3A1",0,0.000000,yes
3D,G,76,G-o6@L1A2,6,L1A2,"L1A2 L1C4 L2A2 L2B3 L3A2",0,0.000000,yes
3D,G,77,G-o6@L1A3,6,L1A3,"L1A3 L1C5 L2A3 L2B4 L3A3",0,0.000000,yes
3D,G,78,G-o6@L1B1,6,L1B1,"L1B1 L1D3 L2B1 L2C2 L3B1",0,0.000000,yes
3D,G,79,G-o6@L1B2,6,L1B2,"L1B2 L1D4 L2B2 L2C3 L3B2",0,0.000000,yes
3D,G,80,G-o6@L1B3,6,L1B3,"L1B3 L1D5 L2B3 L2C4 L3B3",0,0.000000,yes
3D,G,81,G-o6@L1C1,6,L1C1,"L1C1 L1E3 L2C1 L2D2 L3C1",0,0.000000,yes
3D,G,82,G-o6@L1C2,6,L1C2,"L1C2 L1E4 L2C2 L2D3 L3C2",0,0.000000,yes
3D,G,83,G-o6@L1C3,6,L1C3,"L1C3 L1E5 L2C3 L2D4 L3C3",0,0.000000,yes
3D,G,84,G-o6@L2A1,6,L2A1,"L2A1 L2C3 L3A1 L3B2 L4A1",0,0.000000,yes
3D,G,85,G-o6@L2A2,6,L2A2,"L2A2 L2C4 L3A2 L3B3 L4A2",0,0.000000,yes
3D,G,86,G-o6@L2B1,6,L2B1,"L2B1 L2D3 L3B1 L3C2 L4B1",0,0.000000,yes
3D,G,87,G-o6@L2B2,6,L2B2,"L2B2 L2D4 L3B2 L3C3 L4B2",0,0.000000,yes
3D,G,88,G-o7@L1C3,7,L1C3,"L1C3 L2B2 L2C3 L3A1 L3C3",0,0.000000,yes
3D,G,89,G-o8@L1C3,8,L1C3,"L1C3 L2B3 L3A3 L4A2 L5A1",0,0.000000,yes
3D,G,90,G-o9@L1C3,9,L1C3,"L1C3 L2C2 L3C1 L4B1 L5A1",0,0.000000,yes
3D,H,1,H-o10@L3A3,10,L3A3,"L3A3 L3B2 L3C1 L4A2 L4B1",328,13.398693,no
3D,H,2,H-o6@L3A1,6,L3A1,"L3A1 L3B2 L3C3 L4A1 L4B2",328,13.398693,no
3D,H,3,H-o0@L2B4,0,L2B4,"L2B4 L2C3 L2C4 L2D2 L2D3",150,6.127451,no
3D,H,4,H-o1@L2A2,1,L2A2,"L2A2 L2A3 L2B1 L2B2 L2C1",150,6.127451,no
3D,H,5,H-o4@L2A2,4,L2A2,"L2A2 L2A3 L2B3 L2B4 L2C4",150,6.127451,no
3D,H,6,H-o5@L2B1,5,L2B1,"L2B1 L2C1 L2C2 L2D2 L2D3",150,6.127451,no
3D,H,7,H-o0@L1A5,0,L1A5,"L1A5 L1B4 L1B5 L1C3 L1C4",50,2.042484,no
3D,H,8,H-o0@L1C3,0,L1C3,"L1C3 L1D2 L1D3 L1E1 L1E2",50,2.042484,no
3D,H,9,H-o1@L1A4,1,L1A4,"L1A4 L1A5 L1B3 L1B4 L1C3",50,2.042484,no
3D,H,10,H-o1@L1C2,1,L1C2,"L1C2 L1C3 L1D1 L1D2 L1E1",50,2.042484,no
3D,H,11,H-o4@L1A1,4,L1A1,"L1A1 L1A2 L1B2 L1B3 L1C3",50,2.042484,no
3D,H,12,H-o4@L1C3,4,L1C3,"L1C3 L1C4 L1D4 L1D5 L1E5",50,2.042484,no
3D,H,13,H-o5@L1A1,5,L1A1,"L1A1 L1B1 L1B2 L1C2 L1C3",50,2.042484,no
3D,H,14,H-o5@L1C3,5,L1C3,"L1C3 L1D3 L1D4 L1E4 L1E5",50,2.042484,no
3D,H,15,H-o0@L1B4,0,L1B4,"L1B4 L1C3 L1C4 L1D2 L1D3",36,1.470588,no
3D,H,16,H-o1@L1B3,1,L1B3,"L1B3 L1B4 L1C2 L1C3 L1D2",36,1.470588,no
3D,H,17,H-o4@L1B2,4,L1B2,"L1B2 L1B3 L1C3 L1C4 L1D4",36,1.470588,no
3D,H,18,H-o5@L1B2,5,L1B2,"L1B2 L1C2 L1C3 L1D3 L1D4",36,1.470588,no
3D,H,19,H-o0@L1B5,0,L1B5,"L1B5 L1C4 L1C5 L1D3 L1D4",28,1.143791,no
3D,H,20,H-o0@L1C4,0,L1C4,"L1C4 L1D3 L1D4 L1E2 L1E3",28,1.143791,no
3D,H,21,H-o1@L1A3,1,L1A3,"L1A3 L1A4 L1B2 L1B3 L1C2",28,1.143791,no
3D,H,22,H-o1@L1B2,1,L1B2,"L1B2 L1B3 L1C1 L1C2 L1D1",28,1.143791,no
3D,H,23,H-o4@L1A2,4,L1A2,"L1A2 L1A3 L1B3 L1B4 L1C4",28,1.143791,no
3D,H,24,H-o4@L1B3,4,L1B3,"L1B3 L1B4 L1C4 L1C5 L1D5",28,1.143791,no
3D,H,25,H-o5@L1B1,5,L1B1,"L1B1 L1C1 L1C2 L1D2 L1D3",28,1.143791,no
3D,H,26,H-o5@L1C2,5,L1C2,"L1C2 L1D2 L1D3 L1E3 L1E4",28,1.143791,no
3D,H,27,H-o0@L1A3,0,L1A3,"L1A3 L1B2 L1B3 L1C1 L1C2",20,0.816993,no
3D,H,28,H-o0@L1A4,0,L1A4,"L1A4 L1B3 L1B4 L1C2 L1C3",20,0.816993,no
3D,H,29,H-o0@L1B3,0,L1B3,"L1B3 L1C2 L1C3 L1D1 L1D2",20,0.816993,no
3D,H,30,H-o1@L1B4,1,L1B4,"L1B4 L1B5 L1C3 L1C4 L1D3",20,0.816993,no
3D,H,31,H-o1@L1C3,1,L1C3,"L1C3 L1C4 L1D2 L1D3 L1E2",20,0.816993,no
3D,H,32,H-o1@L1C4,1,L1C4,"L1C4 L1C5 L1D3 L1D4 L1E3",20,0.816993,no
3D,H,33,H-o4@L1B1,4,L1B1,"L1B1 L1B2 L1C2 L1C3 L1D3",20,0.816993,no
3D,H,34,H-o4@L1C1,4,L1C1,"L1C1 L1C2 L1D2 L1D3 L1E3",20,0.816993,no
3D,H,35,H-o4@L1C2,4,L1C2,"L1C2 L1C3 L1D3 L1D4 L1E4",20,0.816993,no
3D,H,36,H-o5@L1A2,5,L1A2,"L1A2 L1B2 L1B3 L1C3 L1C4",20,0.816993,no
3D,H,37,H-o5@L1A3,5,L1A3,"L1A3 L1B3 L1B4 L1C4 L1C5",20,0.816993,no
3D,H,38,H-o5@L1B3,5,L1B3,"L1B3 L1C3 L1C4 L1D4 L1D5",20,0.816993,no
3D,H,39,H-o0@L1C5,0,L1C5,"L1C5 L1D4 L1D5 L1E3 L1E4",12,0.490196,no
3D,H,40,H-o1@L1A2,1,L1A2,"L1A2 L1A3 L1B1 L1B2 L1C1",12,0.490196,no
3D,H,41,H-o4@L1A3,4,L1A3,"L1A3 L1A4 L1B4 L1B5 L1C5",12,0.490196,no
3D,H,42,H-o5@L1C1,5,L1C1,"L1C1 L1D1 L1D2 L1E2 L1E3",12,0.490196,no
3D,H,43,H-o10@L2A3,10,L2A3,"L2A3 L2B2 L2C1 L3A2 L3B1",10,0.408497,no
3D,H,44,H-o10@L2B4,10,L2B4,"L2B4 L2C3 L2D2 L3B3 L3C2",10,0.408497,no
3D,H,45,H-o6@L2A2,6,L2A2,"L2A2 L2B3 L2C4 L3A2 L3B3",10,0.408497,no
3D,H,46,H-o6@L2B1,6,L2B1,"L2B1 L2C2 L2D3 L3B1 L3C2",10,0.408497,no
3D,H,47,H-o0@L3A3,0,L3A3,"L3A3 L3B2 L3B3 L3C1 L3C2",8,0.326797,no
3D,H,48,H-o1@L3A2,1,L3A2,"L3A2 L3A3 L3B1 L3B2 L3C1",8,0.326797,no
3D,H,49,H-o10@L1A3,10,L1A3,"L1A3 L1B2 L1C1 L2A2 L2B1",8,0.326797,no
3D,H,50,H-o10@L1C5,10,L1C5,"L1C5 L1D4 L1E3 L2C4 L2D3",8,0.326797,no
3D,H,51,H-o11@L1B3,11,L1B3,"L1B3 L1C2 L2A3 L2B2 L2C1",8,0.326797,no
3D,H,52,H-o11@L1C4,11,L1C4,"L1C4 L1D3 L2B4 L2C3 L2D2",8,0.326797,no
3D,H,53,H-o4@L3A1,4,L3A1,"L3A1 L3A2 L3B2 L3B3 L3C3",8,0.326797,no
3D,H,54,H-o5@L3A1,5,L3A1,"L3A1 L3B1 L3B2 L3C2 L3C3",8,0.326797,no
3D,H,55,H-o6@L1A3,6,L1A3,"L1A3 L1B4 L1C5 L2A3 L2B4",8,0.326797,no
3D,H,56,H-o6@L1C1,6,L1C1,"L1C1 L1D2 L1E3 L2C1 L2D2",8,0.326797,no
3D,H,57,H-o7@L1B3,7,L1B3,"L1B3 L1C4 L2A2 L2B3 L2C4",8,0.326797,no
3D,H,58,H-o7@L1C2,7,L1C2,"L1C2 L1D3 L2B1 L2C2 L2D3",8,0.326797,no
3D,H,59,H-o0@L2A3,0,L2A3,"L2A3 L2B2 L2B3 L2C1 L2C2",0,0.000000,yes
3D,H,60,H-o0@L2A4,0,L2A4,"L2A4 L2B3 L2B4 L2C2 L2C3",0,0.000000,yes
3D,H,61,H-o0@L2B3,0,L2B3,"L2B3 L2C2 L2C3 L2D1 L2D2",0,0.000000,yes
3D,H,62,H-o1@L2A3,1,L2A3,"L2A3 L2A4 L2B2 L2B3 L2C2",0,0.000000,yes
3D,H,63,H-o1@L2B2,1,L2B2,"L2B2 L2B3 L2C1 L2C2 L2D1",0,0.000000,yes
3D,H,64,H-o1@L2B3,1,L2B3,"L2B3 L2B4 L2C2 L2C3 L2D2",0,0.000000,yes
3D,H,65,H-o10@L1A4,10,L1A4,"L1A4 L1B3 L1C2 L2A3 L2B2",0,0.000000,yes
3D,H,66,H-o10@L1A5,10,L1A5,"L1A5 L1B4 L1C3 L2A4 L2B3",0,0.000000,yes
3D,H,67,H-o10@L1B3,10,L1B3,"L1B3 L1C2 L1D1 L2B2 L2C1",0,0.000000,yes
3D,H,68,H-o10@L1B4,10,L1B4,"L1B4 L1C3 L1D2 L2B3 L2C2",0,0.000000,yes
3D,H,69,H-o10@L1B5,10,L1B5,"L1B5 L1C4 L1D3 L2B4 L2C3",0,0.000000,yes
3D,H,70,H-o10@L1C3,10,L1C3,"L1C3 L1D2 L1E1 L2C2 L2D1",0,0.000000,yes
3D,H,71,H-o10@L1C4,10,L1C4,"L1C4 L1D3 L1E2 L2C3 L2D2",0,0.000000,yes
3D,H,72,H-o10@L2A4,10,L2A4,"L2A4 L2B3 L2C2 L3A3 L3B2",0,0.000000,yes
3D,H,73,H-o10@L2B3,10,L2B3,"L2B3 L2C2 L2D1 L3B2 L3C1",0,0.000000,yes
3D,H,74,H-o11@L1B4,11,L1B4,"L1B4 L1C3 L2A4 L2B3 L2C2",0,0.000000,yes
3D,H,75,H-o11@L1C3,11,L1C3,"L1C3 L1D2 L2B3 L2C2 L2D1",0,0.000000,yes
3D,H,76,H-o11@L2B3,11,L2B3,"L2B3 L2C2 L3A3 L3B2 L3C1",0,0.000000,yes
3D,H,77,H-o2@L1C3,2,L1C3,"L1C3 L2C3 L3B2 L4B2 L5A1",0,0.000000,yes
3D,H,78,H-o3@L1C3,3,L1C3,"L1C3 L2B2 L3B2 L4A1 L5A1",0,0.000000,yes
3D,H,79,H-o4@L2A1,4,L2A1,"L2A1 L2A2 L2B2 L2B3 L2C3",0,0.000000,yes
3D,H,80,H-o4@L2B1,4,L2B1,"L2B1 L2B2 L2C2 L2C3 L2D3",0,0.000000,yes
3D,H,81,H-o4@L2B2,4,L2B2,"L2B2 L2B3 L2C3 L2C4 L2D4",0,0.000000,yes
3D,H,82,H-o5@L2A1,5,L2A1,"L2A1 L2B1 L2B2 L2C2 L2C3",0,0.000000,yes
3D,H,83,H-o5@L2A2,5,L2A2,"L2A2 L2B2 L2B3 L2C3 L2C4",0,0.000000,yes
3D,H,84,H-o5@L2B2,5,L2B2,"L2B2 L2C2 L2C3 L2D3 L2D4",0,0.000000,yes
3D,H,85,H-o6@L1A1,6,L1A1,"L1A1 L1B2 L1C3 L2A1 L2B2",0,0.000000,yes
3D,H,86,H-o6@L1A2,6,L1A2,"L1A2 L1B3 L1C4 L2A2 L2B3",0,0.000000,yes
3D,H,87,H-o6@L1B1,6,L1B1,"L1B1 L1C2 L1D3 L2B1 L2C2",0,0.000000,yes
3D,H,88,H-o6@L1B2,6,L1B2,"L1B2 L1C3 L1D4 L2B2 L2C3",0,0.000000,yes
3D,H,89,H-o6@L1B3,6,L1B3,"L1B3 L1C4 L1D5 L2B3 L2C4",0,0.000000,yes
3D,H,90,H-o6@L1C2,6,L1C2,"L1C2 L1D3 L1E4 L2C2 L2D3",0,0.000000,yes
3D,H,91,H-o6@L1C3,6,L1C3,"L1C3 L1D4 L1E5 L2C3 L2D4",0,0.000000,yes
3D,H,92,H-o6@L2A1,6,L2A1,"L2A1 L2B2 L2C3 L3A1 L3B2",0,0.000000,yes
3D,H,93,H-o6@L2B2,6,L2B2,"L2B2 L2C3 L2D4 L3B2 L3C3",0,0.000000,yes
3D,H,94,H-o7@L1B2,7,L1B2,"L1B2 L1C3 L2A1 L2B2 L2C3",0,0.000000,yes
3D,H,95,H-o7@L1C3,7,L1C3,"L1C3 L1D4 L2B2 L2C3 L2D4",0,0.000000,yes
3D,H,96,H-o7@L2B2,7,L2B2,"L2B2 L2C3 L3A1 L3B2 L3C3",0,0.000000,yes
3D,H,97,H-o8@L1C3,8,L1C3,"L1C3 L2B3 L3B2 L4A2 L5A1",0,0.000000,yes
3D,H,98,H-o9@L1C3,9,L1C3,"L1C3 L2C2 L3B2 L4B1 L5A1",0,0.000000,yes
3D,I,1,I-o0@L2C1,0,L2C1,"L2C1 L2C3 L2D1 L2D2 L2D3",163,6.658497,no
3D,I,2,I-o0@L2C2,0,L2C2,"L2C2 L2C4 L2D2 L2D3 L2D4",163,6.658497,no
3D,I,3,I-o1@L2A1,1,L2A1,"L2A1 L2A2 L2B1 L2C1 L2C2",163,6.658497,no
3D,I,4,I-o1@L2B1,1,L2B1,"L2B1 L2B2 L2C1 L2D1 L2D2",163,6.658497,no
3D,I,5,I-o2@L2A3,2,L2A3,"L2A3 L2A4 L2B4 L2C3 L2C4",163,6.658497,no
3D,I,6,I-o2@L2B3,2,L2B3,"L2B3 L2B4 L2C4 L2D3 L2D4",163,6.658497,no
3D,I,7,I-o3@L2A1,3,L2A1,"L2A1 L2A2 L2A3 L2B1 L2B3",163,6.658497,no
3D,I,8,I-o3@L2A2,3,L2A2,"L2A2 L2A3 L2A4 L2B2 L2B4",163,6.658497,no
3D,I,9,I-o0@L1D1,0,L1D1,"L1D1 L1D3 L1E1 L1E2 L1E3",86,3.513072,no
3D,I,10,I-o0@L1D3,0,L1D3,"L1D3 L1D5 L1E3 L1E4 L1E5",86,3.513072,no
3D,I,11,I-o1@L1A1,1,L1A1,"L1A1 L1A2 L1B1 L1C1 L1C2",86,3.513072,no
3D,I,12,I-o1@L1C1,1,L1C1,"L1C1 L1C2 L1D1 L1E1 L1E2",86,3.513072,no
3D,I,13,I-o2@L1A4,2,L1A4,"L1A4 L1A5 L1B5 L1C4 L1C5",86,3.513072,no
3D,I,14,I-o2@L1C4,2,L1C4,"L1C4 L1C5 L1D5 L1E4 L1E5",86,3.513072,no
3D,I,15,I-o3@L1A1,3,L1A1,"L1A1 L1A2 L1A3 L1B1 L1B3",86,3.513072,no
3D,I,16,I-o3@L1A3,3,L1A3,"L1A3 L1A4 L1A5 L1B3 L1B5",86,3.513072,no
3D,I,17,I-o10@L2B3,10,L2B3,"L2B3 L3A3 L4A2 L4B1 L5A1",66,2.696078,no
3D,I,18,I-o11@L2C2,11,L2C2,"L2C2 L3C1 L4A2 L4B1 L5A1",66,2.696078,no
3D,I,19,I-o6@L2C3,6,L2C3,"L2C3 L3C3 L4A1 L4B2 L5A1",66,2.696078,no
3D,I,20,I-o7@L2B2,7,L2B2,"L2B2 L3A1 L4A1 L4B2 L5A1",66,2.696078,no
3D,I,21,I-o4@L1C3,4,L1C3,"L1C3 L2B2 L2C3 L3C3 L4B2",10,0.408497,no
3D,I,22,I-o5@L1C3,5,L1C3,"L1C3 L2B2 L2C3 L3A1 L4A1",10,0.408497,no
3D,I,23,I-o8@L1C3,8,L1C3,"L1C3 L2B3 L2C2 L3A3 L4A2",10,0.408497,no
3D,I,24,I-o9@L1C3,9,L1C3,"L1C3 L2B3 L2C2 L3C1 L4B1",10,0.408497,no
3D,I,25,I-o0@L1D2,0,L1D2,"L1D2 L1D4 L1E2 L1E3 L1E4",8,0.326797,no
3D,I,26,I-o1@L1B1,1,L1B1,"L1B1 L1B2 L1C1 L1D1 L1D2",8,0.326797,no
3D,I,27,I-o2@L1B4,2,L1B4,"L1B4 L1B5 L1C5 L1D4 L1D5",8,0.326797,no
3D,I,28,I-o3@L1A2,3,L1A2,"L1A2 L1A3 L1A4 L1B2 L1B4",8,0.326797,no
3D,I,29,I-o0@L1B1,0,L1B1,"L1B1 L1B3 L1C1 L1C2 L1C3",7,0.285948,no
3D,I,30,I-o0@L1B3,0,L1B3,"L1B3 L1B5 L1C3 L1C4 L1C5",7,0.285948,no
3D,I,31,I-o1@L1A3,1,L1A3,"L1A3 L1A4 L1B3 L1C3 L1C4",7,0.285948,no
3D,I,32,I-o1@L1C3,1,L1C3,"L1C3 L1C4 L1D3 L1E3 L1E4",7,0.285948,no
3D,I,33,I-o2@L1A2,2,L1A2,"L1A2 L1A3 L1B3 L1C2 L1C3",7,0.285948,no
3D,I,34,I-o2@L1C2,2,L1C2,"L1C2 L1C3 L1D3 L1E2 L1E3",7,0.285948,no
3D,I,35,I-o3@L1C1,3,L1C1,"L1C1 L1C2 L1C3 L1D1 L1D3",7,0.285948,no
3D,I,36,I-o3@L1C3,3,L1C3,"L1C3 L1C4 L1C5 L1D3 L1D5",7,0.285948,no
3D,I,37,I-o0@L2B1,0,L2B1,"L2B1 L2B3 L2C1 L2C2 L2C3",4,0.163399,no
3D,I,38,I-o0@L2B2,0,L2B2,"L2B2 L2B4 L2C2 L2C3 L2C4",4,0.163399,no
3D,I,39,I-o1@L2A2,1,L2A2,"L2A2 L2A3 L2B2 L2C2 L2C3",4,0.163399,no
3D,I,40,I-o1@L2B2,1,L2B2,"L2B2 L2B3 L2C2 L2D2 L2D3",4,0.163399,no
3D,I,41,I-o2@L2A2,2,L2A2,"L2A2 L2A3 L2B3 L2C2 L2C3",4,0.163399,no
3D,I,42,I-o2@L2B2,2,L2B2,"L2B2 L2B3 L2C3 L2D2 L2D3",4,0.163399,no
3D,I,43,I-o3@L2B1,3,L2B1,"L2B1 L2B2 L2B3 L2C1 L2C3",4,0.163399,no
3D,I,44,I-o3@L2B2,3,L2B2,"L2B2 L2B3 L2B4 L2C2 L2C4",4,0.163399,no
3D,I,45,I-o0@L1A1,0,L1A1,"L1A1 L1A3 L1B1 L1B2 L1B3",2,0.081699,no
3D,I,46,I-o0@L1A3,0,L1A3,"L1A3 L1A5 L1B3 L1B4 L1B5",2,0.081699,no
3D,I,47,I-o0@L1C1,0,L1C1,"L1C1 L1C3 L1D1 L1D2 L1D3",2,0.081699,no
3D,I,48,I-o0@L1C3,0,L1C3,"L1C3 L1C5 L1D3 L1D4 L1D5",2,0.081699,no
3D,I,49,I-o1@L1A2,1,L1A2,"L1A2 L1A3 L1B2 L1C2 L1C3",2,0.081699,no
3D,I,50,I-o1@L1A4,1,L1A4,"L1A4 L1A5 L1B4 L1C4 L1C5",2,0.081699,no
3D,I,51,I-o1@L1C2,1,L1C2,"L1C2 L1C3 L1D2 L1E2 L1E3",2,0.081699,no
3D,I,52,I-o1@L1C4,1,L1C4,"L1C4 L1C5 L1D4 L1E4 L1E5",2,0.081699,no
3D,I,53,I-o2@L1A1,2,L1A1,"L1A1 L1A2 L1B2 L1C1 L1C2",2,0.081699,no
3D,I,54,I-o2@L1A3,2,L1A3,"L1A3 L1A4 L1B4 L1C3 L1C4",2,0.081699,no
3D,I,55,I-o2@L1C1,2,L1C1,"L1C1 L1C2 L1D2 L1E1 L1E2",2,0.081699,no
3D,I,56,I-o2@L1C3,2,L1C3,"L1C3 L1C4 L1D4 L1E3 L1E4",2,0.081699,no
3D,I,57,I-o3@L1B1,3,L1B1,"L1B1 L1B2 L1B3 L1C1 L1C3",2,0.081699,no
3D,I,58,I-o3@L1B3,3,L1B3,"L1B3 L1B4 L1B5 L1C3 L1C5",2,0.081699,no
3D,I,59,I-o3@L1D1,3,L1D1,"L1D1 L1D2 L1D3 L1E1 L1E3",2,0.081699,no
3D,I,60,I-o3@L1D3,3,L1D3,"L1D3 L1D4 L1D5 L1E3 L1E5",2,0.081699,no
3D,I,61,I-o0@L1A2,0,L1A2,"L1A2 L1A4 L1B2 L1B3 L1B4",0,0.000000,yes
3D,I,62,I-o0@L1B2,0,L1B2,"L1B2 L1B4 L1C2 L1C3 L1C4",0,0.000000,yes
3D,I,63,I-o0@L1C2,0,L1C2,"L1C2 L1C4 L1D2 L1D3 L1D4",0,0.000000,yes
3D,I,64,I-o0@L2A1,0,L2A1,"L2A1 L2A3 L2B1 L2B2 L2B3",0,0.000000,yes
3D,I,65,I-o0@L2A2,0,L2A2,"L2A2 L2A4 L2B2 L2B3 L2B4",0,0.000000,yes
3D,I,66,I-o0@L3A1,0,L3A1,"L3A1 L3A3 L3B1 L3B2 L3B3",0,0.000000,yes
3D,I,67,I-o0@L3B1,0,L3B1,"L3B1 L3B3 L3C1 L3C2 L3C3",0,0.000000,yes
3D,I,68,I-o1@L1B2,1,L1B2,"L1B2 L1B3 L1C2 L1D2 L1D3",0,0.000000,yes
3D,I,69,I-o1@L1B3,1,L1B3,"L1B3 L1B4 L1C3 L1D3 L1D4",0,0.000000,yes
3D,I,70,I-o1@L1B4,1,L1B4,"L1B4 L1B5 L1C4 L1D4 L1D5",0,0.000000,yes
3D,I,71,I-o1@L2A3,1,L2A3,"L2A3 L2A4 L2B3 L2C3 L2C4",0,0.000000,yes
3D,I,72,I-o1@L2B3,1,L2B3,"L2B3 L2B4 L2C3 L2D3 L2D4",0,0.000000,yes
3D,I,73,I-o1@L3A1,1,L3A1,"L3A1 L3A2 L3B1 L3C1 L3C2",0,0.000000,yes
3D,I,74,I-o1@L3A2,1,L3A2,"L3A2 L3A3 L3B2 L3C2 L3C3",0,0.000000,yes
3D,I,75,I-o10@L1B3,10,L1B3,"L1B3 L2A3 L3A2 L3B1 L4A1",0,0.000000,yes
3D,I,76,I-o10@L1B4,10,L1B4,"L1B4 L2A4 L3A3 L3B2 L4A2",0,0.000000,yes
3D,I,77,I-o10@L1C3,10,L1C3,"L1C3 L2B3 L3B2 L3C1 L4B1",0,0.000000,yes
3D,I,78,I-o10@L1C4,10,L1C4,"L1C4 L2B4 L3B3 L3C2 L4B2",0,0.000000,yes
3D,I,79,I-o11@L1C2,11,L1C2,"L1C2 L2C1 L3A2 L3B1 L4A1",0,0.000000,yes
3D,I,80,I-o11@L1C3,11,L1C3,"L1C3 L2C2 L3A3 L3B2 L4A2",0,0.000000,yes
3D,I,81,I-o11@L1D2,11,L1D2,"L1D2 L2D1 L3B2 L3C1 L4B1",0,0.000000,yes
3D,I,82,I-o11@L1D3,11,L1D3,"L1D3 L2D2 L3B3 L3C2 L4B2",0,0.000000,yes
3D,I,83,I-o2@L1B1,2,L1B1,"L1B1 L1B2 L1C2 L1D1 L1D2",0,0.000000,yes
3D,I,84,I-o2@L1B2,2,L1B2,"L1B2 L1B3 L1C3 L1D2 L1D3",0,0.000000,yes
3D,I,85,I-o2@L1B3,2,L1B3,"L1B3 L1B4 L1C4 L1D3 L1D4",0,0.000000,yes
3D,I,86,I-o2@L2A1,2,L2A1,"L2A1 L2A2 L2B2 L2C1 L2C2",0,0.000000,yes
3D,I,87,I-o2@L2B1,2,L2B1,"L2B1 L2B2 L2C2 L2D1 L2D2",0,0.000000,yes
3D,I,88,I-o2@L3A1,2,L3A1,"L3A1 L3A2 L3B2 L3C1 L3C2",0,0.000000,yes
3D,I,89,I-o2@L3A2,2,L3A2,"L3A2 L3A3 L3B3 L3C2 L3C3",0,0.000000,yes
3D,I,90,I-o3@L1B2,3,L1B2,"L1B2 L1B3 L1B4 L1C2 L1C4",0,0.000000,yes
3D,I,91,I-o3@L1C2,3,L1C2,"L1C2 L1C3 L1C4 L1D2 L1D4",0,0.000000,yes
3D,I,92,I-o3@L1D2,3,L1D2,"L1D2 L1D3 L1D4 L1E2 L1E4",0,0.000000,yes
3D,I,93,I-o3@L2C1,3,L2C1,"L2C1 L2C2 L2C3 L2D1 L2D3",0,0.000000,yes
3D,I,94,I-o3@L2C2,3,L2C2,"L2C2 L2C3 L2C4 L2D2 L2D4",0,0.000000,yes
3D,I,95,I-o3@L3A1,3,L3A1,"L3A1 L3A2 L3A3 L3B1 L3B3",0,0.000000,yes
3D,I,96,I-o3@L3B1,3,L3B1,"L3B1 L3B2 L3B3 L3C1 L3C3",0,0.000000,yes
3D,I,97,I-o4@L1B2,4,L1B2,"L1B2 L2A1 L2B2 L3B2 L4A1",0,0.000000,yes
3D,I,98,I-o4@L1B3,4,L1B3,"L1B3 L2A2 L2B3 L3B3 L4A2",0,0.000000,yes
3D,I,99,I-o4@L1C2,4,L1C2,"L1C2 L2B1 L2C2 L3C2 L4B1",0,0.000000,yes
3D,I,100,I-o4@L2B2,4,L2B2,"L2B2 L3A1 L3B2 L4B2 L5A1",0,0.000000,yes
3D,I,101,I-o5@L1C4,5,L1C4,"L1C4 L2B3 L2C4 L3A2 L4A2",0,0.000000,yes
3D,I,102,I-o5@L1D3,5,L1D3,"L1D3 L2C2 L2D3 L3B1 L4B1",0,0.000000,yes
3D,I,103,I-o5@L1D4,5,L1D4,"L1D4 L2C3 L2D4 L3B2 L4B2",0,0.000000,yes
3D,I,104,I-o5@L2C3,5,L2C3,"L2C3 L3B2 L3C3 L4A1 L5A1",0,0.000000,yes
3D,I,105,I-o6@L1C3,6,L1C3,"L1C3 L2C3 L3A1 L3B2 L4A1",0,0.000000,yes
3D,I,106,I-o6@L1C4,6,L1C4,"L1C4 L2C4 L3A2 L3B3 L4A2",0,0.000000,yes
3D,I,107,I-o6@L1D3,6,L1D3,"L1D3 L2D3 L3B1 L3C2 L4B1",0,0.000000,yes
3D,I,108,I-o6@L1D4,6,L1D4,"L1D4 L2D4 L3B2 L3C3 L4B2",0,0.000000,yes
3D,I,109,I-o7@L1B2,7,L1B2,"L1B2 L2A1 L3A1 L3B2 L4A1",0,0.000000,yes
3D,I,110,I-o7@L1B3,7,L1B3,"L1B3 L2A2 L3A2 L3B3 L4A2",0,0.000000,yes
3D,I,111,I-o7@L1C2,7,L1C2,"L1C2 L2B1 L3B1 L3C2 L4B1",0,0.000000,yes
3D,I,112,I-o7@L1C3,7,L1C3,"L1C3 L2B2 L3B2 L3C3 L4B2",0,0.000000,yes
3D,I,113,I-o8@L1C2,8,L1C2,"L1C2 L2B2 L2C1 L3A2 L4A1",0,0.000000,yes
3D,I,114,I-o8@L1D2,8,L1D2,"L1D2 L2C2 L2D1 L3B2 L4B1",0,0.000000,yes
3D,I,115,I-o8@L1D3,8,L1D3,"L1D3 L2C3 L2D2 L3B3 L4B2",0,0.000000,yes
3D,I,116,I-o8@L2C2,8,L2C2,"L2C2 L3B2 L3C1 L4A2 L5A1",0,0.000000,yes
3D,I,117,I-o9@L1B3,9,L1B3,"L1B3 L2A3 L2B2 L3B1 L4A1",0,0.000000,yes
3D,I,118,I-o9@L1B4,9,L1B4,"L1B4 L2A4 L2B3 L3B2 L4A2",0,0.000000,yes
3D,I,119,I-o9@L1C4,9,L1C4,"L1C4 L2B4 L2C3 L3C2 L4B2",0,0.000000,yes
3D,I,120,I-o9@L2B3,9,L2B3,"L2B3 L3A3 L3B2 L4B1 L5A1",0,0.000000,yes
3D,J,1,J-o2@L1E5,2,L1E5,"L1E5 L2D4 L3C3 L4B2",206,8.415033,no
3D,J,2,J-o3@L1A1,3,L1A1,"L1A1 L2A1 L3A1 L4A1",206,8.415033,no
3D,J,3,J-o4@L1A5,4,L1A5,"L1A5 L2A4 L3A3 L4A2",206,8.415033,no
3D,J,4,J-o5@L1E1,5,L1E1,"L1E1 L2D1 L3C1 L4B1",206,8.415033,no
3D,J,5,J-o2@L2D4,2,L2D4,"L2D4 L3C3 L4B2 L5A1",140,5.718954,no
3D,J,6,J-o3@L2A1,3,L2A1,"L2A1 L3A1 L4A1 L5A1",140,5.718954,no
3D,J,7,J-o4@L2A4,4,L2A4,"L2A4 L3A3 L4A2 L5A1",140,5.718954,no
3D,J,8,J-o5@L2D1,5,L2D1,"L2D1 L3C1 L4B1 L5A1",140,5.718954,no
3D,J,9,J-o0@L1A1,0,L1A1,"L1A1 L1B1 L1C1 L1D1",120,4.901961,no
3D,J,10,J-o0@L1A5,0,L1A5,"L1A5 L1B5 L1C5 L1D5",120,4.901961,no
3D,J,11,J-o0@L1B1,0,L1B1,"L1B1 L1C1 L1D1 L1E1",120,4.901961,no
3D,J,12,J-o0@L1B5,0,L1B5,"L1B5 L1C5 L1D5 L1E5",120,4.901961,no
3D,J,13,J-o1@L1A1,1,L1A1,"L1A1 L1A2 L1A3 L1A4",120,4.901961,no
3D,J,14,J-o1@L1A2,1,L1A2,"L1A2 L1A3 L1A4 L1A5",120,4.901961,no
3D,J,15,J-o1@L1E1,1,L1E1,"L1E1 L1E2 L1E3 L1E4",120,4.901961,no
3D,J,16,J-o1@L1E2,1,L1E2,"L1E2 L1E3 L1E4 L1E5",120,4.901961,no
3D,J,17,J-o0@L2A1,0,L2A1,"L2A1 L2B1 L2C1 L2D1",14,0.571895,no
3D,J,18,J-o0@L2A4,0,L2A4,"L2A4 L2B4 L2C4 L2D4",14,0.571895,no
3D,J,19,J-o1@L2A1,1,L2A1,"L2A1 L2A2 L2A3 L2A4",14,0.571895,no
3D,J,20,J-o1@L2D1,1,L2D1,"L2D1 L2D2 L2D3 L2D4",14,0.571895,no
3D,J,21,J-o0@L1A3,0,L1A3,"L1A3 L1B3 L1C3 L1D3",4,0.163399,no
3D,J,22,J-o0@L1B3,0,L1B3,"L1B3 L1C3 L1D3 L1E3",4,0.163399,no
3D,J,23,J-o1@L1C1,1,L1C1,"L1C1 L1C2 L1C3 L1C4",4,0.163399,no
3D,J,24,J-o1@L1C2,1,L1C2,"L1C2 L1C3 L1C4 L1C5",4,0.163399,no
3D,J,25,J-o2@L1D5,2,L1D5,"L1D5 L2C4 L3B3 L4A2",4,0.163399,no
3D,J,26,J-o2@L1E4,2,L1E4,"L1E4 L2D3 L3C2 L4B1",4,0.163399,no
3D,J,27,J-o3@L1A2,3,L1A2,"L1A2 L2A2 L3A2 L4A2",4,0.163399,no
3D,J,28,J-o3@L1B1,3,L1B1,"L1B1 L2B1 L3B1 L4B1",4,0.163399,no
3D,J,29,J-o4@L1A4,4,L1A4,"L1A4 L2A3 L3A2 L4A1",4,0.163399,no
3D,J,30,J-o4@L1B5,4,L1B5,"L1B5 L2B4 L3B3 L4B2",4,0.163399,no
3D,J,31,J-o5@L1D1,5,L1D1,"L1D1 L2C1 L3B1 L4A1",4,0.163399,no
3D,J,32,J-o5@L1E2,5,L1E2,"L1E2 L2D2 L3C2 L4B2",4,0.163399,no
3D,J,33,J-o0@L1A2,0,L1A2,"L1A2 L1B2 L1C2 L1D2",0,0.000000,yes
3D,J,34,J-o0@L1A4,0,L1A4,"L1A4 L1B4 L1C4 L1D4",0,0.000000,yes
3D,J,35,J-o0@L1B2,0,L1B2,"L1B2 L1C2 L1D2 L1E2",0,0.000000,yes
3D,J,36,J-o0@L1B4,0,L1B4,"L1B4 L1C4 L1D4 L1E4",0,0.000000,yes
3D,J,37,J-o0@L2A2,0,L2A2,"L2A2 L2B2 L2C2 L2D2",0,0.000000,yes
3D,J,38,J-o0@L2A3,0,L2A3,"L2A3 L2B3 L2C3 L2D3",0,0.000000,yes
3D,J,39,J-o1@L1B1,1,L1B1,"L1B1 L1B2 L1B3 L1B4",0,0.000000,yes
3D,J,40,J-o1@L1B2,1,L1B2,"L1B2 L1B3 L1B4 L1B5",0,0.000000,yes
3D,J,41,J-o1@L1D1,1,L1D1,"L1D1 L1D2 L1D3 L1D4",0,0.000000,yes
3D,J,42,J-o1@L1D2,1,L1D2,"L1D2 L1D3 L1D4 L1D5",0,0.000000,yes
3D,J,43,J-o1@L2B1,1,L2B1,"L2B1 L2B2 L2B3 L2B4",0,0.000000,yes
3D,J,44,J-o1@L2C1,1,L2C1,"L2C1 L2C2 L2C3 L2C4",0,0.000000,yes
3D,J,45,J-o2@L1D4,2,L1D4,"L1D4 L2C3 L3B2 L4A1",0,0.000000,yes
3D,J,46,J-o3@L1B2,3,L1B2,"L1B2 L2B2 L3B2 L4B2",0,0.000000,yes
3D,J,47,J-o4@L1B4,4,L1B4,"L1B4 L2B3 L3B2 L4B1",0,0.000000,yes
3D,J,48,J-o5@L1D2,5,L1D2,"L1D2 L2C2 L3B2 L4A2",0,0.000000,yes
3D,K,1,K-o0@L2A1,0,L2A1,"L2A1 L2A2 L2B1 L2B2",172,7.026144,no
3D,K,2,K-o0@L2A3,0,L2A3,"L2A3 L2A4 L2B3 L2B4",172,7.026144,no
3D,K,3,K-o0@L2C1,0,L2C1,"L2C1 L2C2 L2D1 L2D2",172,7.026144,no
3D,K,4,K-o0@L2C3,0,L2C3,"L2C3 L2C4 L2D3 L2D4",172,7.026144,no
3D,K,5,K-o0@L3A1,0,L3A1,"L3A1 L3A2 L3B1 L3B2",102,4.166667,no
3D,K,6,K-o0@L3A2,0,L3A2,"L3A2 L3A3 L3B2 L3B3",102,4.166667,no
3D,K,7,K-o0@L3B1,0,L3B1,"L3B1 L3B2 L3C1 L3C2",102,4.166667,no
3D,K,8,K-o0@L3B2,0,L3B2,"L3B2 L3B3 L3C2 L3C3",102,4.166667,no
3D,K,9,K-o1@L1B2,1,L1B2,"L1B2 L2A1 L2B2 L3A1",80,3.267974,no
3D,K,10,K-o1@L1D4,1,L1D4,"L1D4 L2C3 L2D4 L3C3",80,3.267974,no
3D,K,11,K-o2@L1B4,2,L1B4,"L1B4 L2A4 L2B3 L3A3",80,3.267974,no
3D,K,12,K-o2@L1D2,2,L1D2,"L1D2 L2C2 L2D1 L3C1",80,3.267974,no
3D,K,13,K-o0@L1A1,0,L1A1,"L1A1 L1A2 L1B1 L1B2",70,2.859477,no
3D,K,14,K-o0@L1A4,0,L1A4,"L1A4 L1A5 L1B4 L1B5",70,2.859477,no
3D,K,15,K-o0@L1D1,0,L1D1,"L1D1 L1D2 L1E1 L1E2",70,2.859477,no
3D,K,16,K-o0@L1D4,0,L1D4,"L1D4 L1D5 L1E4 L1E5",70,2.859477,no
3D,K,17,K-o0@L1A2,0,L1A2,"L1A2 L1A3 L1B2 L1B3",55,2.246732,no
3D,K,18,K-o0@L1A3,0,L1A3,"L1A3 L1A4 L1B3 L1B4",55,2.246732,no
3D,K,19,K-o0@L1B1,0,L1B1,"L1B1 L1B2 L1C1 L1C2",55,2.246732,no
3D,K,20,K-o0@L1B4,0,L1B4,"L1B4 L1B5 L1C4 L1C5",55,2.246732,no
3D,K,21,K-o0@L1C1,0,L1C1,"L1C1 L1C2 L1D1 L1D2",55,2.246732,no
3D,K,22,K-o0@L1C4,0,L1C4,"L1C4 L1C5 L1D4 L1D5",55,2.246732,no
3D,K,23,K-o0@L1D2,0,L1D2,"L1D2 L1D3 L1E2 L1E3",55,2.246732,no
3D,K,24,K-o0@L1D3,0,L1D3,"L1D3 L1D4 L1E3 L1E4",55,2.246732,no
3D,K,25,K-o0@L1B2,0,L1B2,"L1B2 L1B3 L1C2 L1C3",28,1.143791,no
3D,K,26,K-o0@L1B3,0,L1B3,"L1B3 L1B4 L1C3 L1C4",28,1.143791,no
3D,K,27,K-o0@L1C2,0,L1C2,"L1C2 L1C3 L1D2 L1D3",28,1.143791,no
3D,K,28,K-o0@L1C3,0,L1C3,"L1C3 L1C4 L1D3 L1D4",28,1.143791,no
3D,K,29,K-o1@L2B2,1,L2B2,"L2B2 L3A1 L3B2 L4A1",24,0.980392,no
3D,K,30,K-o1@L2C3,1,L2C3,"L2C3 L3B2 L3C3 L4B2",24,0.980392,no
3D,K,31,K-o2@L2B3,2,L2B3,"L2B3 L3A3 L3B2 L4A2",24,0.980392,no
3D,K,32,K-o2@L2C2,2,L2C2,"L2C2 L3B2 L3C1 L4B1",24,0.980392,no
3D,K,33,K-o0@L2A2,0,L2A2,"L2A2 L2A3 L2B2 L2B3",16,0.653595,no
3D,K,34,K-o0@L2B1,0,L2B1,"L2B1 L2B2 L2C1 L2C2",16,0.653595,no
3D,K,35,K-o0@L2B3,0,L2B3,"L2B3 L2B4 L2C3 L2C4",16,0.653595,no
3D,K,36,K-o0@L2C2,0,L2C2,"L2C2 L2C3 L2D2 L2D3",16,0.653595,no
3D,K,37,K-o1@L2B3,1,L2B3,"L2B3 L3A2 L3B3 L4A2",10,0.408497,no
3D,K,38,K-o1@L2C2,1,L2C2,"L2C2 L3B1 L3C2 L4B1",10,0.408497,no
3D,K,39,K-o2@L2B2,2,L2B2,"L2B2 L3A2 L3B1 L4A1",10,0.408497,no
3D,K,40,K-o2@L2C3,2,L2C3,"L2C3 L3B3 L3C2 L4B2",10,0.408497,no
3D,K,41,K-o0@L2B2,0,L2B2,"L2B2 L2B3 L2C2 L2C3",0,0.000000,yes
3D,K,42,K-o0@L4A1,0,L4A1,"L4A1 L4A2 L4B1 L4B2",0,0.000000,yes
3D,K,43,K-o1@L1B3,1,L1B3,"L1B3 L2A2 L2B3 L3A2",0,0.000000,yes
3D,K,44,K-o1@L1B4,1,L1B4,"L1B4 L2A3 L2B4 L3A3",0,0.000000,yes
3D,K,45,K-o1@L1C2,1,L1C2,"L1C2 L2B1 L2C2 L3B1",0,0.000000,yes
3D,K,46,K-o1@L1C3,1,L1C3,"L1C3 L2B2 L2C3 L3B2",0,0.000000,yes
3D,K,47,K-o1@L1C4,1,L1C4,"L1C4 L2B3 L2C4 L3B3",0,0.000000,yes
3D,K,48,K-o1@L1D2,1,L1D2,"L1D2 L2C1 L2D2 L3C1",0,0.000000,yes
3D,K,49,K-o1@L1D3,1,L1D3,"L1D3 L2C2 L2D3 L3C2",0,0.000000,yes
3D,K,50,K-o1@L3B2,1,L3B2,"L3B2 L4A1 L4B2 L5A1",0,0.000000,yes
3D,K,51,K-o2@L1B2,2,L1B2,"L1B2 L2A2 L2B1 L3A1",0,0.000000,yes
3D,K,52,K-o2@L1B3,2,L1B3,"L1B3 L2A3 L2B2 L3A2",0,0.000000,yes
3D,K,53,K-o2@L1C2,2,L1C2,"L1C2 L2B2 L2C1 L3B1",0,0.000000,yes
3D,K,54,K-o2@L1C3,2,L1C3,"L1C3 L2B3 L2C2 L3B2",0,0.000000,yes
3D,K,55,K-o2@L1C4,2,L1C4,"L1C4 L2B4 L2C3 L3B3",0,0.000000,yes
3D,K,56,K-o2@L1D3,2,L1D3,"L1D3 L2C3 L2D2 L3C2",0,0.000000,yes
3D,K,57,K-o2@L1D4,2,L1D4,"L1D4 L2C4 L2D3 L3C3",0,0.000000,yes
3D,K,58,K-o2@L3B2,2,L3B2,"L3B2 L4A2 L4B1 L5A1",0,0.000000,yes
3D,L,1,L-o0@L3A2,0,L3A2,"L3A2 L3B1 L3B2 L3B3 L3C2",1016,41.503268,no
3D,L,2,L-o1@L1B3,1,L1B3,"L1B3 L1C4 L2B3 L3A2 L3B3",222,9.068627,no
3D,L,3,L-o1@L1C2,1,L1C2,"L1C2 L1D3 L2C2 L3B1 L3C2",222,9.068627,no
3D,L,4,L-o2@L1B3,2,L1B3,"L1B3 L1C2 L2B2 L3A2 L3B1",222,9.068627,no
3D,L,5,L-o2@L1C4,2,L1C4,"L1C4 L1D3 L2C3 L3B3 L3C2",222,9.068627,no
3D,L,6,L-o0@L2A2,0,L2A2,"L2A2 L2B1 L2B2 L2B3 L2C2",96,3.921569,no
3D,L,7,L-o0@L2A3,0,L2A3,"L2A3 L2B2 L2B3 L2B4 L2C3",96,3.921569,no
3D,L,8,L-o0@L2B2,0,L2B2,"L2B2 L2C1 L2C2 L2C3 L2D2",96,3.921569,no
3D,L,9,L-o0@L2B3,0,L2B3,"L2B3 L2C2 L2C3 L2C4 L2D3",96,3.921569,no
3D,L,10,L-o0@L1A3,0,L1A3,"L1A3 L1B2 L1B3 L1B4 L1C3",26,1.062092,no
3D,L,11,L-o0@L1B2,0,L1B2,"L1B2 L1C1 L1C2 L1C3 L1D2",26,1.062092,no
3D,L,12,L-o0@L1B4,0,L1B4,"L1B4 L1C3 L1C4 L1C5 L1D4",26,1.062092,no
3D,L,13,L-o0@L1C3,0,L1C3,"L1C3 L1D2 L1D3 L1D4 L1E3",26,1.062092,no
3D,L,14,L-o1@L2B2,1,L2B2,"L2B2 L2C3 L3B2 L4A1 L4B2",24,0.980392,no
3D,L,15,L-o2@L2B3,2,L2B3,"L2B3 L2C2 L3B2 L4A2 L4B1",24,0.980392,no
3D,L,16,L-o0@L1A2,0,L1A2,"L1A2 L1B1 L1B2 L1B3 L1C2",2,0.081699,no
3D,L,17,L-o0@L1A4,0,L1A4,"L1A4 L1B3 L1B4 L1B5 L1C4",2,0.081699,no
3D,L,18,L-o0@L1C2,0,L1C2,"L1C2 L1D1 L1D2 L1D3 L1E2",2,0.081699,no
3D,L,19,L-o0@L1C4,0,L1C4,"L1C4 L1D3 L1D4 L1D5 L1E4",2,0.081699,no
3D,L,20,L-o0@L1B3,0,L1B3,"L1B3 L1C2 L1C3 L1C4 L1D3",0,0.000000,yes
3D,L,21,L-o1@L1B2,1,L1B2,"L1B2 L1C3 L2B2 L3A1 L3B2",0,0.000000,yes
3D,L,22,L-o1@L1C3,1,L1C3,"L1C3 L1D4 L2C3 L3B2 L3C3",0,0.000000,yes
3D,L,23,L-o2@L1B4,2,L1B4,"L1B4 L1C3 L2B3 L3A3 L3B2",0,0.000000,yes
3D,L,24,L-o2@L1C3,2,L1C3,"L1C3 L1D2 L2C2 L3B2 L3C1",0,0.000000,yes
